path	size_bytes	sha256
.gitignore	119	7680cc579e6eb136e654f32326bf9ad6b64f99738108db7b4b6885e3f2be08b6
CITATION.cff	390	1958b418639bad9603b5fb7d5822d2d3ff6c89ab3366caea534ecb4d2cef6834
data/tcga_450k/candidate_matrix_manifest.json	282	eab1d6d674d13e6963a2ce7dcb231e07d0d495d98efbecc26b73899e519eefcb
data/tcga_450k/fold_assignments.tsv	1997879	f5b3e7a4d0beabbea09c55c25a86a2d8232c9b0acb62a3a1a736e702f849bb41
data/tcga_450k/probe_ids.tsv	4555387	8c671111ca226f7c29e17d6f40cf2f4c6828fb1435365c903cb91cd182b382de
data/tcga_450k/samples_locked.tsv	3108477	f69a72ac6d7208611324f0a2d04c8a52c291a2e6377bf99e2612ec0d6a0f41fc
data/tcga_450k/samples_used.tsv	3365443	ccf9d96914e07b0dc4c3c54d858e22f76d3672c7cf38a569fc4e67c5d1dcbb91
data/tcga_450k/split_summary.json	1571	3e1f4ab5d6ca90d119050a45cab364883b8222b72fb9d534339d0e915d2ec37c
data/tcga_450k/tumor_stable_panel_probe_ids.tsv	12586	817694073494d545f72a67b59eb9bbce1bd7831edcfe49a6771ba776923f4ae3
environment/environment_notes.md	374	25f98853cec5d72a41663cb04ad43c6286142a1c4e67cb5a49c464b39af97d05
environment/python_version.txt	56	0c6d05fe94a2b3adedf02163d5029c1f9c8dcb5585bf761fca6a56008f765359
environment/README.md	2134	b387276f20b942336de5ff3c5f4db2841fa05aa76b2c62762a374ce196b6d762
environment/requirements.txt	67	b0b3a837c868cc2b048057c430cf226e13bb0e4d70046f6b6033b028ff0d34bd
frozen_models/external_model_manifest_GSE56044.json	1855057	3296d7bb5652ca3708db1145e7c4188289cf9e7b10f18736395c1e679d4ae5ec
README.md	3111	8a2155e9b6bf513e043125a7bcfd6437466587e608ed74d6fc3579e9f15b3366
results/manuscript_qc/consensus_panel_probe_qc_detail.tsv	49485	5c485d07e09e1c732560ac39e910a6b31f7509b1da2cd2dc3e16e6ac0d551268
results/manuscript_qc/consensus_panel_probe_qc_summary.tsv	386	5de1e12539224d4bd11ce8f5aeb84fe087b5e9837c046203f51cb72244a40fc7
results/manuscript_qc/README.md	907	5ef15050c1da7cf4b530ee0043c5ed1181510ae1139a4b07736d10d59d062a8c
results/manuscript_qc/run_manifest.json	873	05d0f18dfe845ad4910ebc87a7edf137a3419077d4e9e93ce2d495e15758c52d
results/manuscript_statistics/external_validation_confidence_intervals.tsv	3158	cd38c7e26393405913b10b61ffc896d6e2429b31f7da56c35e20a7a3489914e6
results/manuscript_statistics/external_validation_paired_mcnemar.tsv	563	be6835355abef7b661d497fcb887f6264eeace4bb59ce6907d3c2fe6e6f5af55
results/manuscript_statistics/internal_cv_bootstrap_ci.tsv	2061	66d4dc839bec7ef32c04d0ee6176ca7906aef2cc66dd1b4d56c37d0fe99ad1c2
results/manuscript_statistics/internal_cv_paired_panel_tests.tsv	1474	75bb3a9e6afdf2196a4b7bebefb247325e2c637c05221f0aa79127a10a6dd26b
results/manuscript_statistics/manuscript_statistical_summary.md	4383	af0d77fe3e5d31993278feb005a78a572681e77c0dcd357d4dc83a1b841cb89e
results/manuscript_tables/epic_transfer_figure_source.tsv	716	767b090d8fa3b9453874d0ef6f1b36a2f292d548517ba0d1736a19c41fcfbf68
results/manuscript_tables/external_validation_summary.tsv	384	56310fd23e5b4c103419438ee9398d5335a1257c439474d13b29e41d43fbdda0
results/manuscript_tables/GSE53051_per_class_accuracy.tsv	214	ba0d66eaf6ac720d6ed1f475bf692c6e50f9120cd6881b48235510f9f8de2e93
results/manuscript_tables/GSE56044_error_breakdown.tsv	418	8e3333934736812d8ad04e2245efbc3678bb2a9ee4659d8316ce884f78d63dd6
results/manuscript_tables/supp_table_class_specific_top20_cpg_markers.csv	76020	be1c2dc07bbda773ba82323dc3d2da8b39bff1b31532db7c5b65503611fe19dd
results/manuscript_tables/supp_table_class_specific_top20_cpg_markers.md	82810	acc964e4c7ea3347ef40f7f8824dbbbbc2d155c9e630c68ed6241132a6e492cb
results/manuscript_tables/supp_table_pathmethnet_v2_metrics.csv	825	a859c978403faa0c14b41f7f6932a135ff5aaf68d7584fbd9f87153ecd7f75af
results/manuscript_tables/supp_table_pathmethnet_v2_metrics.md	560	7b0f1bc15dddc29fc07e64eef55fb467245ed0c98360693b6dd3c16133b5b08b
results/manuscript_tables/supp_table_stable_top100_cpg_panel.csv	9674	ceae334cac670a9fcdeafedb4fd8282c2dd36f5c26f38a25d7bb1653f751ad9f
results/manuscript_tables/supp_table_stable_top100_cpg_panel.md	11025	a942821e4d1a0392e92f5ad1e125562001e042e968462c64540b68342f0f6c84
results/manuscript_tables/table_0_cohort_summary.csv	921	33448b4b6551fef862f2891cd9d06b7e27426affd25f032b70ae1f32512ec939
results/manuscript_tables/table_0_cohort_summary.md	1058	ea961fbbdff7ab6f3e492a7eb103ec1b19d3e7e91f35f93940febee2af4b4da3
results/manuscript_tables/table_1_internal_cv_panel_performance.csv	562	f8fe5bbb712e17f977252c0ad9021f06650b5c81af59233cb87de0524661e6f4
results/manuscript_tables/table_1_internal_cv_panel_performance.md	782	2ccb4875cc2dac68cfdad7bfa90c470c1944febc80f4d8a53232c733def40ea7
results/manuscript_tables/table_2_external_validation_1000_cpg.csv	669	aa63e3795a5b21fb5557e0e21744c27c204607fc68afb009e9ab914995046006
results/manuscript_tables/table_2_external_validation_1000_cpg.md	702	607887549c3812e47b114f72e091b3263ba16f076a0b355fb6ce18ab10b640d4
results/manuscript_tables/table_3_external_validation_best_panel.csv	542	6c25bc83b8a7ec856517de40ea50068b5ecb09fec2b6ca886ab1816e8cd365aa
results/manuscript_tables/table_3_external_validation_best_panel.md	563	5e714faa311298b5968dd809e1629df9712d81d626411e85e41c51f097bd4d34
scripts/_figure_style.py	2348	18d7635c6fe5cc7982c980355141cdcecc2f0549be70fd87ac2c83c00b0d6e85
scripts/audit_consensus_panel_probe_qc.py	7169	a2c301209fe5ee5ff87ca7f3a85bf26d8c0a829c21db970ff0d23a0539a1dc8c
scripts/audit_revision_rerun_results.py	16372	1826b1021e4b0ba5ad566d655aa2cb12cfb1c947b06ffbea495fdc2c46b2c841
scripts/audit_revision_rerun_v2.py	25089	98cf2a4bef8f49caa9ac8217f6cf33482620f165db49cbd203482d1b7f4a65fd
scripts/build_external_validation_figure.py	6664	cd5154077632be20439a4e4d08c4bbf36067822bee6895fed2bc651d5fb36f35
scripts/build_figure1_npj_style.py	4479	41049dcf4442c6feae45d4f2f9a07d9b41cc9316a955908e9fad7097e1b4e2c4
scripts/build_figure1_scientific_workflow.py	6047	92afb637f603abf382dc66e6e9885da818e4b5a940ee0d4db9be9cb2f78a4c4d
scripts/build_frozen_manuscript_figures.py	30133	cc7d883953f9da3cc28cab6c61d0275828e63c23608c77fe6f62004a34a22718
scripts/build_gse53051_per_class.py	3395	bd99683b66dfdf9067aa400a94f72e30964cd60cdaead9cef35e931b3c4ccd52
scripts/build_gse56044_confusion_analysis.py	4915	083353eff9976f92e582780283cf64f005ceb0e49840ef749745b30817d7ec32
scripts/build_manuscript_latex_tables.py	8530	5372aafa0765e17e164e590c9afb43ae0ea9a521a3899f2be440b7a4477d45b0
scripts/build_reference_style_figures.py	19206	63785e202a17de5fee4bef9eec6d7cbe0d216c70596527d60081af0aafdc6da6
scripts/build_submission_final_figures.py	26175	f5a8426adfe7dc3529727bdc166e5e9ec7d1c9b4ee56ba520b90894777deab81
scripts/build_submission_revision_figures.py	16777	961fa7b8f36717bc3c4cddf1766140ec6743692a9482dd847fe8da64e5c4d0f1
scripts/build_supplementary_data1.py	8962	b28993031b5495a9e984bc8a44179a25cebde408d82b5376f3bb3844e73d5706
scripts/build_verified_panel_figure2.py	8207	e9945479cf9cd7b57b91d6a503cfc29611db91c662e710c249e000b7a4ade389
scripts/check_figure1_layout.py	2052	d6c178132704abc20ae891bd309616a0f008ee9d08598243b2f860c5dcb85ee2
scripts/compute_manuscript_statistics.py	9087	247e0ee1b7688feac381b8528f26e964c0b2ba96325be82d77eeb97d3af5a0ea
scripts/extract_tumor_stable_panel_matrix.py	3049	a7586440e6f02adf402515c692acaed06a98dd8b38352c59a71dc285128d94c2
scripts/generate_manuscript_assets.py	26991	f2171a407bfc9070e4428d288ef7372c788e55cf52ea7b083b741cf6de53809b
scripts/generate_npj_style_figures.py	20914	1cc8ecf5d104aafdae86548a08149d84efcdc111671527e95e24f5434b2df350
scripts/pcr_locus_subset_simulation.py	15626	eaaadd4abf8d39528233f2dd636a269beb721aa9826f6576337edbca7a2789bc
scripts/run_internal_baselines.sh	1216	e3e54c120557322062300e5273cf1809a0e86de20a39d796bebfc1d45f2f4287
scripts/run_lr_panel.sh	1425	50eafa571409914c120326c3766bdce40351caec8189172da3dee05b8e66b616
scripts/run_pathmethnet_v2.sh	1836	7247c7dff05435f5ecb91b0c7446e6d919713208d65dfb81b98a1b6d1ff321c2
scripts/run_revision_e6_paired_bootstrap.py	7063	18946171539bdfd34ecd45993a37c64505f28c086ca7e9afe470d4dae6b58d49
scripts/run_revision_e6_redundancy_selection.py	24502	026687e70a0bbc40efda8800c5f0e3d9b494631a29a334fffa9a3ec3bed489f6
scripts/run_revision_e7_panel_geometry.py	13436	918a93a57c89fa1a852bfd1f321d93d23a26fcb21b33f121d757904120eb5d84
scripts/run_revision_e7_panel_size_paired_bootstrap.py	11667	a782c03bfa3f571ed0f80be9985f75037464a7f9acfe0efb1e0f4eccd432e0b1
scripts/verify_panel_knee_v5_anchors.py	5512	ecdb5c0745a2fcde099de3cfec388bf4a2478a875006486ca1a9b57f69745107
server_results_20260728/results/internal_cv/lr_cpg_panel_frozen_20260721/consensus_locked_panels.tsv	140814	969531a4798bc944244721ac24885fe4a08141080364b76f6f20b7d64fa2d380
server_results_20260728/results/internal_cv/lr_cpg_panel_frozen_20260721/consensus_panel_manifest.json	790	9c1f99752b96123d71d3211d0002445e2f23bf6bf3b9aeeea2b43392a92a6585
server_results_20260728/results/internal_cv/lr_cpg_panel_frozen_20260721/paired_panel_comparison.tsv	205	19e725f52dc116b738e353b16b28ee0d75c971da22bfb712d92fda5e2403fa17
server_results_20260728/results/internal_cv/lr_cpg_panel_frozen_20260721/panel_stability/panel_frequency_1000.tsv	25152	2524d94acf6793c574a7b7562c6a231b4807219db95566536ab6e75c0b567a14
server_results_20260728/results/internal_cv/lr_cpg_panel_frozen_20260721/panel_stability/panel_frequency_500.tsv	12779	00f4897caea19e896fbe2efc29c0ec86f8241c3d667320b0555bfdf6e50b5de9
server_results_20260728/results/internal_cv/lr_cpg_panel_frozen_20260721/panel_stability/panel_pairwise_stability_1000.tsv	7853	69b4c31a7563181e45c962398a525b1f1214b7062d5614e1c54a3e44fc15efa3
server_results_20260728/results/internal_cv/lr_cpg_panel_frozen_20260721/panel_stability/panel_pairwise_stability_500.tsv	7534	97102c2a5a7174b963823c387fc68dcd7d8697fccf93895b4576ad51dc49b4cd
server_results_20260728/results/internal_cv/lr_cpg_panel_frozen_20260721/panel_stability/panel_stability_manifest.json	281	31418481f85e1971538a0865af5b6002dd46f6e0fb497fc24a64e9c57a49ac26
server_results_20260728/results/internal_cv/lr_cpg_panel_frozen_20260721/panel_stability/panel_stability_summary.tsv	545	93870e8ca51b9d0aefc6686b1e16af79cee4136a6cdaff0551033c8ab024909f
server_results_20260728/results/internal_cv/lr_cpg_panel_frozen_20260721/patient_oof_metrics_by_repeat.tsv	997	edc1784557b7d10d255745e549c8853c8022d3c2f72255abe79a2dd6e3652544
server_results_20260728/results/internal_cv/lr_cpg_panel_frozen_20260721/patient_oof_primary_estimates_ci.tsv	1838	da941e6211fe4deee0228c194bdf0059d4af9312176e77118799dc99475d8d32
server_results_20260728/results/internal_cv/lr_cpg_panel_frozen_20260721/repeated_cross_fitting_ensemble_confusion_matrices.tsv	5781	e796552b676d2b2f248d0d986c7a116566922e9d96cccadaf5a41c0eebcbdc31
server_results_20260728/results/internal_cv/lr_cpg_panel_frozen_20260721/repeated_oof_evaluation_manifest.json	819	c9385add6d04548a7b41a7d29a3db5e14e5090c8dc7df90923df8f24b2e62f80
src/data/prepare_tcga_all_multiclass.py	3179	dd71695831f4ea7ecd7c5551ade9aee9369601f7a59d184d042e601e98a2ad0a
src/data/q1_build_candidate_matrix.py	7552	bc59771ed3892e5daa53889eaa5a7271c9e265b107ad611e796f2a2f4756f580
src/data/q1_data_manifest.py	3077	326985992360e4fef5d3c62fb9658a1d82c2a436cb4765a39dd806c22dcc7758
src/data/q1_make_splits.py	1265	c9c768207322d27b92cff419c14df5b9289f68d14a6c578b9479eb24dc48adcc
src/data/q1_prepare_raw_archive.py	2960	7f10407843b2dff6f09036d5108b292e7724654065c195eabfd26e35e8608f4b
src/data/q1_split_utils.py	7723	fa9fcfe56eeb9b39f5854f4327e21057d8d0017b853614413b4485f860cbaa7a
src/evaluation/evaluation_utils.py	15788	748dbcbfe6c49f22c53f0621c0e9fb88647c2e2a680aa6356a5ddae7580c0114
src/evaluation/q1_analyze_baseline_results.py	6974	404246fbbde365dcabe2f4eb1bd08b010ca90951f214e5a0a2c1ba6baa54afa6
src/evaluation/q1_metrics.py	5418	f5cc260482ee3dff158c7ba5d6ceab15f19597ffa587a0ddc9e0f4c9c1021cd5
src/evaluation/q1_recover_baseline_outputs.py	5473	51d54aa2da905839e9d11d48605706d30e2a8527601ed6d8038188922a151317
src/external_validation/evaluate_lr_panel_external.py	12156	eb07f5c681eba269f861171923ad3a49f6239e1eb548b79bf94a79c13d91be94
src/external_validation/prepare_external_geo_matrix.py	19356	cbe6b541230f2270078aa07b37d55ac8259f0b91cd8609143780289d51787ed7
src/external_validation/prepare_gse105260_from_idat.py	13568	bc92a65913027c5b08111d94e5cd5c0d7a29a28a0c7089258c21ac17c94041f9
src/external_validation/prepare_gse105260_from_series_matrix.py	6384	d6c5ca80aa39bbb987186dc6fdde6960bcacd307278b1b59047149a245d40b32
src/external_validation/q1_external_registry.py	2011	df486a5e95fea09fa2f0c9268df0eb536129abd1ba6593aa4dfa9d608b38e770
src/external_validation/q1_validate_external_contract.py	3584	1ffa7b134ef2a6e85eff929ae824689c56f926e2df2b5ce210ee24f47df6c1ed
src/features/q1_build_index_maps.py	4401	b1d265e72e0967effd795652cd0c2bed1f36adf7e9f525e590bd0a6293c6c2ac
src/features/q1_feature_selection.py	3208	06ce5a592de1679765c9566a657ffde3062126d3b424217068448846d15206a7
src/features/q1_prepare_biology_annotations.py	3369	57e69474cc6f350a5b582aaf1a70bd9f054ac45be340687abc5691e70c377c01
src/models/q1_hierarchical_model.py	8863	da239aab54c709b69c866fef3c6cc2f9120cc6105d353c6f50f5850b9984e012
src/models/q1_lr_cpg_panel.py	22778	f3662e120cdbef87cd3a06d4db4d847b37d35a912949a3316615067a180a3147
src/models/q1_train_ml_baselines.py	22904	88d0fe3f429cb4a3f9171c4b43933730c6d9f677a24470b8bf58abb935bf0e41
src/models/q1_train_pathmethnet.py	27351	b40fc1bb81cc981f7481ff4c2dda4d7ee2ce3ef2109fae44773954de04f1c9fe
