panel_size	probe_id	selected_count	selected_fraction
1000	cg23057992	15	1.0
1000	cg02090033	15	1.0
1000	cg23864180	15	1.0
1000	cg27219841	15	1.0
1000	cg21394171	15	1.0
1000	cg19510206	15	1.0
1000	cg17479716	15	1.0
1000	cg23731272	15	1.0
1000	cg14189678	15	1.0
1000	cg04715503	15	1.0
1000	cg02907150	15	1.0
1000	cg16768697	15	1.0
1000	cg24886257	15	1.0
1000	cg12374721	15	1.0
1000	cg15507690	15	1.0
1000	cg20480723	15	1.0
1000	cg00817367	15	1.0
1000	cg09655403	15	1.0
1000	cg21017887	15	1.0
1000	cg26863534	15	1.0
1000	cg21565960	15	1.0
1000	cg23663774	15	1.0
1000	cg01573321	15	1.0
1000	cg14394550	15	1.0
1000	cg23502778	15	1.0
1000	cg21664636	15	1.0
1000	cg07570470	15	1.0
1000	cg06355129	15	1.0
1000	cg13634242	15	1.0
1000	cg24833737	15	1.0
1000	cg17231999	15	1.0
1000	cg25528916	15	1.0
1000	cg21046148	15	1.0
1000	cg19991916	15	1.0
1000	cg07970752	15	1.0
1000	cg25788549	15	1.0
1000	cg17399362	15	1.0
1000	cg01268824	15	1.0
1000	cg27548075	15	1.0
1000	cg18465484	15	1.0
1000	cg10528576	15	1.0
1000	cg08919597	15	1.0
1000	cg00857907	15	1.0
1000	cg07687131	15	1.0
1000	cg13045134	15	1.0
1000	cg26354493	15	1.0
1000	cg08227526	15	1.0
1000	cg16192707	15	1.0
1000	cg27363327	15	1.0
1000	cg17154724	15	1.0
1000	cg17300544	15	1.0
1000	cg26800525	15	1.0
1000	cg06385583	15	1.0
1000	cg16470319	15	1.0
1000	cg27196974	15	1.0
1000	cg14025053	15	1.0
1000	cg12089032	15	1.0
1000	cg12466610	15	1.0
1000	cg03311684	15	1.0
1000	cg19730972	15	1.0
1000	cg16807089	15	1.0
1000	cg16454852	15	1.0
1000	cg00494919	15	1.0
1000	cg19147218	15	1.0
1000	cg01135464	15	1.0
1000	cg06509223	15	1.0
1000	cg23697546	15	1.0
1000	cg00084338	15	1.0
1000	cg23913421	15	1.0
1000	cg01963754	15	1.0
1000	cg18499201	15	1.0
1000	cg14278853	15	1.0
1000	cg11660879	15	1.0
1000	cg14958969	15	1.0
1000	cg05109049	15	1.0
1000	cg24960947	15	1.0
1000	cg00147788	15	1.0
1000	cg18537730	15	1.0
1000	cg03791955	15	1.0
1000	cg08892613	15	1.0
1000	cg01307130	15	1.0
1000	cg25929664	15	1.0
1000	cg12415687	15	1.0
1000	cg26214747	15	1.0
1000	cg17211761	15	1.0
1000	cg16890879	15	1.0
1000	cg21749794	15	1.0
1000	cg07263979	15	1.0
1000	cg09908110	15	1.0
1000	cg15928106	15	1.0
1000	cg22473620	15	1.0
1000	cg18582260	15	1.0
1000	cg19047660	15	1.0
1000	cg10249637	15	1.0
1000	cg05344495	15	1.0
1000	cg07811110	15	1.0
1000	cg01561304	15	1.0
1000	cg09014626	15	1.0
1000	cg17794299	15	1.0
1000	cg23543318	15	1.0
1000	cg26676468	15	1.0
1000	cg26871372	15	1.0
1000	cg01020475	15	1.0
1000	cg07366506	15	1.0
1000	cg25463742	15	1.0
1000	cg22761670	15	1.0
1000	cg11552829	15	1.0
1000	cg26942432	15	1.0
1000	cg19880942	15	1.0
1000	cg10020892	15	1.0
1000	cg13782274	15	1.0
1000	cg21015470	15	1.0
1000	cg22287064	15	1.0
1000	cg13180315	15	1.0
1000	cg06218079	15	1.0
1000	cg23497020	15	1.0
1000	cg09990962	15	1.0
1000	cg10210594	15	1.0
1000	cg15300436	15	1.0
1000	cg26479667	15	1.0
1000	cg25650964	15	1.0
1000	cg08296680	15	1.0
1000	cg25334934	15	1.0
1000	cg04156293	15	1.0
1000	cg00092518	15	1.0
1000	cg04131969	15	1.0
1000	cg06398242	15	1.0
1000	cg22914338	15	1.0
1000	cg25225379	15	1.0
1000	cg23881926	15	1.0
1000	cg06419732	15	1.0
1000	cg10294939	15	1.0
1000	cg05137263	15	1.0
1000	cg14904662	15	1.0
1000	cg16602369	15	1.0
1000	cg03706175	15	1.0
1000	cg15320905	15	1.0
1000	cg10286969	15	1.0
1000	cg26363759	15	1.0
1000	cg16202259	15	1.0
1000	cg26212328	15	1.0
1000	cg01749491	15	1.0
1000	cg20884887	15	1.0
1000	cg16236270	15	1.0
1000	cg17648080	15	1.0
1000	cg18322569	15	1.0
1000	cg14367020	15	1.0
1000	cg04302300	15	1.0
1000	cg02411937	15	1.0
1000	cg11930554	15	1.0
1000	cg16026813	15	1.0
1000	cg19758173	15	1.0
1000	cg03232056	15	1.0
1000	cg15577272	15	1.0
1000	cg06061086	15	1.0
1000	cg02583618	15	1.0
1000	cg12222949	15	1.0
1000	cg11354603	15	1.0
1000	cg19537719	15	1.0
1000	cg15135047	15	1.0
1000	cg16440561	15	1.0
1000	cg20286956	15	1.0
1000	cg24922129	15	1.0
1000	cg05833351	15	1.0
1000	cg12749132	15	1.0
1000	cg07222505	15	1.0
1000	cg20341504	15	1.0
1000	cg17504394	15	1.0
1000	cg16683160	15	1.0
1000	cg23669081	15	1.0
1000	cg14766621	15	1.0
1000	cg02423318	15	1.0
1000	cg03284308	15	1.0
1000	cg14000361	15	1.0
1000	cg18096251	15	1.0
1000	cg14018024	15	1.0
1000	cg17415265	15	1.0
1000	cg20518446	15	1.0
1000	cg03582419	15	1.0
1000	cg07458308	15	1.0
1000	cg20693607	15	1.0
1000	cg03475293	15	1.0
1000	cg25026992	15	1.0
1000	cg24258712	15	1.0
1000	cg21201401	15	1.0
1000	cg18002126	15	1.0
1000	cg00793935	15	1.0
1000	cg14108567	15	1.0
1000	cg21624902	15	1.0
1000	cg22471726	15	1.0
1000	cg04988514	15	1.0
1000	cg16049391	15	1.0
1000	cg07455790	15	1.0
1000	cg21941030	15	1.0
1000	cg13943068	15	1.0
1000	cg09780180	15	1.0
1000	cg22604316	15	1.0
1000	cg10143811	15	1.0
1000	cg01152056	15	1.0
1000	cg18243760	15	1.0
1000	cg26645242	15	1.0
1000	cg03062944	15	1.0
1000	cg18888655	15	1.0
1000	cg10884288	15	1.0
1000	cg19966212	15	1.0
1000	cg14010405	15	1.0
1000	cg23279522	15	1.0
1000	cg06358671	15	1.0
1000	cg19602728	15	1.0
1000	cg22747076	15	1.0
1000	cg08105834	15	1.0
1000	cg04518342	15	1.0
1000	cg27429080	15	1.0
1000	cg01973676	15	1.0
1000	cg21261158	15	1.0
1000	cg24830730	15	1.0
1000	cg09424006	15	1.0
1000	cg12905252	15	1.0
1000	cg04757389	15	1.0
1000	cg06351537	15	1.0
1000	cg07792478	15	1.0
1000	cg22550229	15	1.0
1000	cg15133351	15	1.0
1000	cg13668207	15	1.0
1000	cg04703620	15	1.0
1000	cg18177414	15	1.0
1000	cg03774803	15	1.0
1000	cg13449535	15	1.0
1000	cg14672084	15	1.0
1000	cg01610165	15	1.0
1000	cg05306745	15	1.0
1000	cg05308495	15	1.0
1000	cg23401796	15	1.0
1000	cg13392078	15	1.0
1000	cg15219228	15	1.0
1000	cg01543583	15	1.0
1000	cg13808071	15	1.0
1000	cg10255237	15	1.0
1000	cg01765111	15	1.0
1000	cg22719241	15	1.0
1000	cg18700133	15	1.0
1000	cg03048083	15	1.0
1000	cg16135989	15	1.0
1000	cg21629500	15	1.0
1000	cg09285851	15	1.0
1000	cg04701034	15	1.0
1000	cg06546806	15	1.0
1000	cg07106794	15	1.0
1000	cg11536474	15	1.0
1000	cg07324702	15	1.0
1000	cg13504411	15	1.0
1000	cg01109574	15	1.0
1000	cg11694519	15	1.0
1000	cg02734358	15	1.0
1000	cg19256731	15	1.0
1000	cg25078444	15	1.0
1000	cg12707343	15	1.0
1000	cg15517113	15	1.0
1000	cg24898738	15	1.0
1000	cg24968629	15	1.0
1000	cg10365886	15	1.0
1000	cg07486474	15	1.0
1000	cg26173773	15	1.0
1000	cg16765600	15	1.0
1000	cg16234557	15	1.0
1000	cg00074145	15	1.0
1000	cg13934406	15	1.0
1000	cg19551589	15	1.0
1000	cg21281009	15	1.0
1000	cg16328106	15	1.0
1000	cg25282976	15	1.0
1000	cg21131024	15	1.0
1000	cg08253651	15	1.0
1000	cg01021196	15	1.0
1000	cg20443254	15	1.0
1000	cg05391892	15	1.0
1000	cg07592963	15	1.0
1000	cg12875241	15	1.0
1000	cg27258050	15	1.0
1000	cg19320820	15	1.0
1000	cg25947619	15	1.0
1000	cg00172603	15	1.0
1000	cg06502570	15	1.0
1000	cg00839579	15	1.0
1000	cg07639783	15	1.0
1000	cg15732840	15	1.0
1000	cg19283806	15	1.0
1000	cg12614667	15	1.0
1000	cg17516247	15	1.0
1000	cg02281970	15	1.0
1000	cg04522310	15	1.0
1000	cg01301382	15	1.0
1000	cg17826530	15	1.0
1000	cg20137991	15	1.0
1000	cg12105941	15	1.0
1000	cg14416371	15	1.0
1000	cg06051311	15	1.0
1000	cg01163842	15	1.0
1000	cg08079908	15	1.0
1000	cg04021697	15	1.0
1000	cg13832604	15	1.0
1000	cg00892742	15	1.0
1000	cg11213574	15	1.0
1000	cg20871586	15	1.0
1000	cg07532353	15	1.0
1000	cg12194594	15	1.0
1000	cg02740007	15	1.0
1000	cg07802350	15	1.0
1000	cg27102141	15	1.0
1000	cg07665510	15	1.0
1000	cg21340500	15	1.0
1000	cg04189187	15	1.0
1000	cg24096120	15	1.0
1000	cg10350880	15	1.0
1000	cg27109912	15	1.0
1000	cg13305186	15	1.0
1000	cg05639246	15	1.0
1000	cg11359133	15	1.0
1000	cg14671764	15	1.0
1000	cg19206146	15	1.0
1000	cg08883213	15	1.0
1000	cg17429772	15	1.0
1000	cg04633922	15	1.0
1000	cg16987900	15	1.0
1000	cg15083233	15	1.0
1000	cg10142520	15	1.0
1000	cg22798849	15	1.0
1000	cg04213841	15	1.0
1000	cg24169669	15	1.0
1000	cg20618651	15	1.0
1000	cg05404698	15	1.0
1000	cg08862890	15	1.0
1000	cg03630736	15	1.0
1000	cg15996480	15	1.0
1000	cg23072161	15	1.0
1000	cg11685843	15	1.0
1000	cg07371589	15	1.0
1000	cg20806180	15	1.0
1000	cg01940181	15	1.0
1000	cg21189438	15	1.0
1000	cg11254700	15	1.0
1000	cg18222083	15	1.0
1000	cg23161999	15	1.0
1000	cg19156875	15	1.0
1000	cg09670128	15	1.0
1000	cg15258447	15	1.0
1000	cg24536782	15	1.0
1000	cg00627029	15	1.0
1000	cg19518104	15	1.0
1000	cg03730533	15	1.0
1000	cg05135828	15	1.0
1000	cg18229178	15	1.0
1000	cg10781408	15	1.0
1000	cg03899054	15	1.0
1000	cg03140412	15	1.0
1000	cg05297854	15	1.0
1000	cg12934258	15	1.0
1000	cg25200152	15	1.0
1000	cg07986239	15	1.0
1000	cg08604097	15	1.0
1000	cg00661970	15	1.0
1000	cg21878746	15	1.0
1000	cg21001184	15	1.0
1000	cg10128806	15	1.0
1000	cg20867963	15	1.0
1000	cg20272979	15	1.0
1000	cg20092531	15	1.0
1000	cg19129687	15	1.0
1000	cg15811515	15	1.0
1000	cg13722700	15	1.0
1000	cg18447772	15	1.0
1000	cg03224621	15	1.0
1000	cg03984758	15	1.0
1000	cg06518838	15	1.0
1000	cg00459623	15	1.0
1000	cg05970721	15	1.0
1000	cg12204258	15	1.0
1000	cg22221554	15	1.0
1000	cg00446123	15	1.0
1000	cg10708761	15	1.0
1000	cg10932018	15	1.0
1000	cg14359824	15	1.0
1000	cg04456219	15	1.0
1000	cg06474225	15	1.0
1000	cg23158189	15	1.0
1000	cg18264486	15	1.0
1000	cg16560389	15	1.0
1000	cg12519676	15	1.0
1000	cg10570241	15	1.0
1000	cg15532640	15	1.0
1000	cg26681770	15	1.0
1000	cg00177787	15	1.0
1000	cg24264679	15	1.0
1000	cg20494374	15	1.0
1000	cg02925367	15	1.0
1000	cg19997502	15	1.0
1000	cg24923516	15	1.0
1000	cg04015962	15	1.0
1000	cg17842821	15	1.0
1000	cg07068735	15	1.0
1000	cg10890302	15	1.0
1000	cg17553149	15	1.0
1000	cg25950739	15	1.0
1000	cg12798524	15	1.0
1000	cg08304190	15	1.0
1000	cg21195256	15	1.0
1000	cg19447962	15	1.0
1000	cg11445797	15	1.0
1000	cg20608783	15	1.0
1000	cg15384383	15	1.0
1000	cg04912712	15	1.0
1000	cg14802502	15	1.0
1000	cg18684142	15	1.0
1000	cg16665866	15	1.0
1000	cg08578320	15	1.0
1000	cg18082788	15	1.0
1000	cg08879470	15	1.0
1000	cg24631102	15	1.0
1000	cg19053239	15	1.0
1000	cg13545212	15	1.0
1000	cg25888386	15	1.0
1000	cg15848890	15	1.0
1000	cg24995678	15	1.0
1000	cg13028819	15	1.0
1000	cg10536999	15	1.0
1000	cg11303839	15	1.0
1000	cg14523847	15	1.0
1000	cg27359566	15	1.0
1000	cg08249424	15	1.0
1000	cg03239552	15	1.0
1000	cg20866694	15	1.0
1000	cg13916459	15	1.0
1000	cg12500879	15	1.0
1000	cg25267258	15	1.0
1000	cg02085507	15	1.0
1000	cg00794174	15	1.0
1000	cg13488570	15	1.0
1000	cg15680288	15	1.0
1000	cg08364561	15	1.0
1000	cg26383138	15	1.0
1000	cg22222281	15	1.0
1000	cg06710672	15	1.0
1000	cg24854181	15	1.0
1000	cg03889263	15	1.0
1000	cg12296772	15	1.0
1000	cg19200589	15	1.0
1000	cg07127888	15	1.0
1000	cg00106345	15	1.0
1000	cg22775138	15	1.0
1000	cg05083852	15	1.0
1000	cg04111789	15	1.0
1000	cg08732352	15	1.0
1000	cg09341793	15	1.0
1000	cg01156249	15	1.0
1000	cg11157172	15	1.0
1000	cg14831665	15	1.0
1000	cg07532183	15	1.0
1000	cg21472506	15	1.0
1000	cg03278514	15	1.0
1000	cg22881914	15	1.0
1000	cg05328339	15	1.0
1000	cg04798314	15	1.0
1000	cg24145118	15	1.0
1000	cg16959787	15	1.0
1000	cg04037038	15	1.0
1000	cg01306183	15	1.0
1000	cg04650654	15	1.0
1000	cg03953626	15	1.0
1000	cg06523224	15	1.0
1000	cg22674699	15	1.0
1000	cg00335591	15	1.0
1000	cg12539796	15	1.0
1000	cg27092191	15	1.0
1000	cg01754525	15	1.0
1000	cg22727783	15	1.0
1000	cg27416863	15	1.0
1000	cg18104919	15	1.0
1000	cg00253658	15	1.0
1000	cg07110405	15	1.0
1000	cg03646916	15	1.0
1000	cg00011616	15	1.0
1000	cg23947326	15	1.0
1000	cg02716776	15	1.0
1000	cg16389901	15	1.0
1000	cg22877570	15	1.0
1000	cg03070236	15	1.0
1000	cg18249634	15	1.0
1000	cg04927931	15	1.0
1000	cg02202923	15	1.0
1000	cg03596016	15	1.0
1000	cg06260815	15	1.0
1000	cg15232539	15	1.0
1000	cg05173913	15	1.0
1000	cg23244022	15	1.0
1000	cg20391567	15	1.0
1000	cg25950625	15	1.0
1000	cg18249580	15	1.0
1000	cg14072016	15	1.0
1000	cg24820672	15	1.0
1000	cg09139047	15	1.0
1000	cg23749482	15	1.0
1000	cg13784312	15	1.0
1000	cg26635219	15	1.0
1000	cg08875705	15	1.0
1000	cg11510586	15	1.0
1000	cg26335251	15	1.0
1000	cg03826594	15	1.0
1000	cg04635642	15	1.0
1000	cg08624648	15	1.0
1000	cg23298862	15	1.0
1000	cg09232555	15	1.0
1000	cg12436377	15	1.0
1000	cg10928544	15	1.0
1000	cg04769798	15	1.0
1000	cg02253760	15	1.0
1000	cg08123444	15	1.0
1000	cg18456523	15	1.0
1000	cg23211949	15	1.0
1000	cg27527630	15	1.0
1000	cg18430555	15	1.0
1000	cg24888257	15	1.0
1000	cg26876834	15	1.0
1000	cg13944468	15	1.0
1000	cg11452329	15	1.0
1000	cg18805164	15	1.0
1000	cg24866923	15	1.0
1000	cg07813142	15	1.0
1000	cg23076870	15	1.0
1000	cg05633523	15	1.0
1000	cg01620164	15	1.0
1000	cg18525352	15	1.0
1000	cg16208084	15	1.0
1000	cg05477457	15	1.0
1000	cg08812108	15	1.0
1000	cg21063722	15	1.0
1000	cg05140257	15	1.0
1000	cg27610821	15	1.0
1000	cg07795766	15	1.0
1000	cg11738485	15	1.0
1000	cg14118515	15	1.0
1000	cg24702147	15	1.0
1000	cg17919152	15	1.0
1000	cg25407979	15	1.0
1000	cg22943986	15	1.0
1000	cg21523564	15	1.0
1000	cg13885357	15	1.0
1000	cg24545961	15	1.0
1000	cg06633438	15	1.0
1000	cg15788369	15	1.0
1000	cg12468774	15	1.0
1000	cg04470054	15	1.0
1000	cg14260083	15	1.0
1000	cg02670123	15	1.0
1000	cg13656752	15	1.0
1000	cg21039708	15	1.0
1000	cg15940337	15	1.0
1000	cg01030534	15	1.0
1000	cg05090759	15	1.0
1000	cg21163347	15	1.0
1000	cg06752054	15	1.0
1000	cg10244976	15	1.0
1000	cg19945931	15	1.0
1000	cg03607220	15	1.0
1000	cg24077454	15	1.0
1000	cg13712197	15	1.0
1000	cg22198853	15	1.0
1000	cg19764370	15	1.0
1000	cg12422539	15	1.0
1000	cg11887532	15	1.0
1000	cg24779941	15	1.0
1000	cg12134633	15	1.0
1000	cg25916282	15	1.0
1000	cg10903903	15	1.0
1000	cg03065447	15	1.0
1000	cg01074657	15	1.0
1000	cg19579500	15	1.0
1000	cg00123762	15	1.0
1000	cg00778807	15	1.0
1000	cg25844605	15	1.0
1000	cg20431191	15	1.0
1000	cg25017223	15	1.0
1000	cg16896868	15	1.0
1000	cg25553466	15	1.0
1000	cg14891195	15	1.0
1000	cg14608581	15	1.0
1000	cg12451631	15	1.0
1000	cg01974091	15	1.0
1000	cg25810792	15	1.0
1000	cg13832669	15	1.0
1000	cg16642284	15	1.0
1000	cg27097992	15	1.0
1000	cg08018585	15	1.0
1000	cg14498592	15	1.0
1000	cg26210445	15	1.0
1000	cg16865446	15	1.0
1000	cg16252110	15	1.0
1000	cg19192280	15	1.0
1000	cg14931884	15	1.0
1000	cg19351954	15	1.0
1000	cg02837536	15	1.0
1000	cg02486855	15	1.0
1000	cg00907288	15	1.0
1000	cg05651243	15	1.0
1000	cg26864905	15	1.0
1000	cg20545544	15	1.0
1000	cg21887193	15	1.0
1000	cg12680131	15	1.0
1000	cg22169990	15	1.0
1000	cg00660167	15	1.0
1000	cg00428457	15	1.0
1000	cg02027945	15	1.0
1000	cg01680010	15	1.0
1000	cg13641185	15	1.0
1000	cg00768487	15	1.0
1000	cg03692651	15	1.0
1000	cg01246520	15	1.0
1000	cg12014181	15	1.0
1000	cg24816460	15	1.0
1000	cg15425541	15	1.0
1000	cg16647921	15	1.0
1000	cg26858540	15	1.0
1000	cg01682111	15	1.0
1000	cg10501210	15	1.0
1000	cg27592331	15	1.0
1000	cg14769786	15	1.0
1000	cg12619262	15	1.0
1000	cg13879483	15	1.0
1000	cg11862144	15	1.0
1000	cg25731211	15	1.0
1000	cg19980771	15	1.0
1000	cg24150623	15	1.0
1000	cg06315390	15	1.0
1000	cg23091104	15	1.0
1000	cg04571941	15	1.0
1000	cg10554839	15	1.0
1000	cg11717189	15	1.0
1000	cg18703601	15	1.0
1000	cg21577651	15	1.0
1000	cg03990436	15	1.0
1000	cg07129523	15	1.0
1000	cg22621695	15	1.0
1000	cg01263942	15	1.0
1000	cg13294849	15	1.0
1000	cg12911732	15	1.0
1000	cg14696311	15	1.0
1000	cg27260772	15	1.0
1000	cg09068128	15	1.0
1000	cg10416814	15	1.0
1000	cg25105522	15	1.0
1000	cg12019614	15	1.0
1000	cg06223834	15	1.0
1000	cg08599635	15	1.0
1000	cg17754510	15	1.0
1000	cg11630939	15	1.0
1000	cg20100745	15	1.0
1000	cg26014538	15	1.0
1000	cg17375167	15	1.0
1000	cg01774894	15	1.0
1000	cg02772121	15	1.0
1000	cg22740796	15	1.0
1000	cg08387538	15	1.0
1000	cg14931854	15	1.0
1000	cg05940691	15	1.0
1000	cg27071152	15	1.0
1000	cg25999637	15	1.0
1000	cg02486253	15	1.0
1000	cg18924324	15	1.0
1000	cg01623261	15	1.0
1000	cg16810279	15	1.0
1000	cg23192683	15	1.0
1000	cg06972969	15	1.0
1000	cg22399133	15	1.0
1000	cg11526413	15	1.0
1000	cg17627629	15	1.0
1000	cg12468255	15	1.0
1000	cg14715697	15	1.0
1000	cg04428071	15	1.0
1000	cg25066665	15	1.0
1000	cg07041999	15	1.0
1000	cg02261899	15	1.0
1000	cg03132824	15	1.0
1000	cg24940967	15	1.0
1000	cg23398076	15	1.0
1000	cg20446334	15	1.0
1000	cg18450582	15	1.0
1000	cg07240413	15	1.0
1000	cg06699564	15	1.0
1000	cg26010734	15	1.0
1000	cg02025737	15	1.0
1000	cg00931644	15	1.0
1000	cg12072262	15	1.0
1000	cg22986569	15	1.0
1000	cg20928945	15	1.0
1000	cg15497761	15	1.0
1000	cg27091865	15	1.0
1000	cg14500486	15	1.0
1000	cg06879394	15	1.0
1000	cg02048922	15	1.0
1000	cg21428990	15	1.0
1000	cg01965874	15	1.0
1000	cg04737131	15	1.0
1000	cg03274456	15	1.0
1000	cg14262681	15	1.0
1000	cg19022006	15	1.0
1000	cg08360726	15	1.0
1000	cg07162000	15	1.0
1000	cg17945789	15	1.0
1000	cg19486070	15	1.0
1000	cg11837293	15	1.0
1000	cg23709617	15	1.0
1000	cg18121066	15	1.0
1000	cg09798888	15	1.0
1000	cg22425474	15	1.0
1000	cg26010218	15	1.0
1000	cg08954277	15	1.0
1000	cg27436995	15	1.0
1000	cg07248223	15	1.0
1000	cg17233090	15	1.0
1000	cg11528328	15	1.0
1000	cg00683332	15	1.0
1000	cg10956848	15	1.0
1000	cg06500727	15	1.0
1000	cg14972210	15	1.0
1000	cg11733272	15	1.0
1000	cg18576957	15	1.0
1000	cg22348992	15	1.0
1000	cg25824828	15	1.0
1000	cg08474164	15	1.0
1000	cg08887400	15	1.0
1000	cg14197503	15	1.0
1000	cg14825735	15	1.0
1000	cg24441810	15	1.0
1000	cg19467964	15	1.0
1000	cg26783057	15	1.0
1000	cg07205203	15	1.0
1000	cg12060422	15	1.0
1000	cg25538415	15	1.0
1000	cg23179456	15	1.0
1000	cg08135406	15	1.0
1000	cg04970570	15	1.0
1000	cg25284397	15	1.0
1000	cg24033633	15	1.0
1000	cg21983484	15	1.0
1000	cg07281370	15	1.0
1000	cg04387835	15	1.0
1000	cg19414598	15	1.0
1000	cg23010538	15	1.0
1000	cg16100845	15	1.0
1000	cg13453904	15	1.0
1000	cg01207684	15	1.0
1000	cg08901662	15	1.0
1000	cg16786640	15	1.0
1000	cg23541975	15	1.0
1000	cg22958090	15	1.0
1000	cg15975806	15	1.0
1000	cg05369857	15	1.0
1000	cg13390867	15	1.0
1000	cg05857999	15	1.0
1000	cg12336777	15	1.0
1000	cg26351479	15	1.0
1000	cg07045089	15	1.0
1000	cg06463958	15	1.0
1000	cg12600174	15	1.0
1000	cg01893212	15	1.0
1000	cg17509039	15	1.0
1000	cg21215550	15	1.0
1000	cg15792134	15	1.0
1000	cg11638117	15	1.0
1000	cg19308375	15	1.0
1000	cg09451427	15	1.0
1000	cg27555582	15	1.0
1000	cg16871561	15	1.0
1000	cg14780632	15	1.0
1000	cg04246763	15	1.0
1000	cg08822602	15	1.0
1000	cg03356595	15	1.0
1000	cg16616514	15	1.0
1000	cg15871766	15	1.0
1000	cg12515659	15	1.0
1000	cg03532030	15	1.0
1000	cg14482569	15	1.0
1000	cg09543819	15	1.0
1000	cg18141400	15	1.0
1000	cg16620382	15	1.0
1000	cg14979301	15	1.0
1000	cg08141395	15	1.0
1000	cg17029019	15	1.0
1000	cg10304637	15	1.0
1000	cg05529816	15	1.0
1000	cg10326726	15	1.0
1000	cg18438793	15	1.0
1000	cg11146691	15	1.0
1000	cg00912746	15	1.0
1000	cg07141605	15	1.0
1000	cg05127821	15	1.0
1000	cg14699728	15	1.0
1000	cg21049501	15	1.0
1000	cg26924392	15	1.0
1000	cg23739746	15	1.0
1000	cg14040131	15	1.0
1000	cg20141578	15	1.0
1000	cg09287864	15	1.0
1000	cg16316624	15	1.0
1000	cg09238049	15	1.0
1000	cg03502002	15	1.0
1000	cg04004158	15	1.0
1000	cg22848598	15	1.0
1000	cg02582848	15	1.0
1000	cg24368848	15	1.0
1000	cg26328335	15	1.0
1000	cg13495205	15	1.0
1000	cg08782022	15	1.0
1000	cg03514404	15	1.0
1000	cg22723502	15	1.0
1000	cg13356896	15	1.0
1000	cg18567924	15	1.0
1000	cg23238315	15	1.0
1000	cg17472800	15	1.0
1000	cg17526573	15	1.0
1000	cg24504927	15	1.0
1000	cg02734505	15	1.0
1000	cg17187762	15	1.0
1000	cg14120049	15	1.0
1000	cg12526923	15	1.0
1000	cg26465389	15	1.0
1000	cg11104088	15	1.0
1000	cg10967023	15	1.0
1000	cg13800209	15	1.0
1000	cg23807071	15	1.0
1000	cg10665891	15	1.0
1000	cg13995599	15	1.0
1000	cg24810735	15	1.0
1000	cg13279926	15	1.0
1000	cg18747742	15	1.0
1000	cg12387154	15	1.0
1000	cg19619405	15	1.0
1000	cg18782604	15	1.0
1000	cg06436185	15	1.0
1000	cg09170112	15	1.0
1000	cg25885280	15	1.0
1000	cg10439246	15	1.0
1000	cg17219660	15	1.0
1000	cg02246055	15	1.0
1000	cg08070771	15	1.0
1000	cg12542255	15	1.0
1000	cg12662576	15	1.0
1000	cg07585069	15	1.0
1000	cg22992730	15	1.0
1000	cg14716990	15	1.0
1000	cg11367259	15	1.0
1000	cg13248778	15	1.0
1000	cg22084642	15	1.0
1000	cg02535674	15	1.0
1000	cg14204784	15	1.0
1000	cg14166701	15	1.0
1000	cg22369786	15	1.0
1000	cg05968010	15	1.0
1000	cg03686593	15	1.0
1000	cg19744936	15	1.0
1000	cg23460250	15	1.0
1000	cg16047279	15	1.0
1000	cg11041161	15	1.0
1000	cg24496841	15	1.0
1000	cg14684457	15	1.0
1000	cg26055747	15	1.0
1000	cg25968569	15	1.0
1000	cg07681935	15	1.0
1000	cg10767420	15	1.0
1000	cg09450200	15	1.0
1000	cg05575614	15	1.0
1000	cg07778290	15	1.0
1000	cg13692426	15	1.0
1000	cg07126525	15	1.0
1000	cg06248767	15	1.0
1000	cg01764252	15	1.0
1000	cg14861089	15	1.0
1000	cg09265054	15	1.0
1000	cg22784954	15	1.0
1000	cg04039555	15	1.0
1000	cg04583813	15	1.0
1000	cg00650640	15	1.0
1000	cg05408649	15	1.0
1000	cg15673034	15	1.0
1000	cg25900085	15	1.0
1000	cg16207110	15	1.0
1000	cg22365276	15	1.0
1000	cg17402060	15	1.0
1000	cg26056277	15	1.0
1000	cg04921315	15	1.0
1000	cg05224741	15	1.0
1000	cg19362874	15	1.0
1000	cg17870484	15	1.0
1000	cg17735539	15	1.0
1000	cg08866991	15	1.0
1000	cg14644001	15	1.0
1000	cg25718467	15	1.0
1000	cg24595510	15	1.0
1000	cg17924044	15	1.0
1000	cg06728252	15	1.0
1000	cg12593511	15	1.0
1000	cg16179938	15	1.0
1000	cg03014326	15	1.0
1000	cg20151476	15	1.0
1000	cg27664085	15	1.0
1000	cg18363918	15	1.0
1000	cg10909185	15	1.0
1000	cg17949969	15	1.0
1000	cg23097686	15	1.0
1000	cg21101720	15	1.0
1000	cg00722320	15	1.0
1000	cg18586886	15	1.0
1000	cg00076195	15	1.0
1000	cg06889571	15	1.0
1000	cg13181974	15	1.0
1000	cg07861448	15	1.0
1000	cg21322654	15	1.0
1000	cg27267227	15	1.0
1000	cg01738022	15	1.0
1000	cg19220719	15	1.0
1000	cg00347757	15	1.0
1000	cg09094964	15	1.0
1000	cg03149565	15	1.0
1000	cg08128087	15	1.0
1000	cg22731271	15	1.0
1000	cg20399616	15	1.0
1000	cg08866780	15	1.0
1000	cg02632490	15	1.0
1000	cg21026830	15	1.0
1000	cg08781140	15	1.0
1000	cg10400707	15	1.0
1000	cg08880849	15	1.0
1000	cg01316378	15	1.0
1000	cg13125157	15	1.0
1000	cg08304084	15	1.0
1000	cg06888746	15	1.0
1000	cg27576485	15	1.0
1000	cg26402417	15	1.0
1000	cg10810394	15	1.0
1000	cg18121003	15	1.0
1000	cg11934688	15	1.0
1000	cg14089881	15	1.0
1000	cg11395414	15	1.0
1000	cg24452128	15	1.0
1000	cg18286501	15	1.0
1000	cg08609270	15	1.0
1000	cg26937434	15	1.0
1000	cg24000814	15	1.0
1000	cg01227537	15	1.0
1000	cg06041067	15	1.0
1000	cg05955675	15	1.0
1000	cg25570913	15	1.0
1000	cg07676361	15	1.0
1000	cg20916523	15	1.0
1000	cg26107890	15	1.0
1000	cg08539872	15	1.0
1000	cg01288184	15	1.0
1000	cg06833110	15	1.0
1000	cg12934884	15	1.0
1000	cg24118856	14	0.9333333333333333
1000	cg08822897	14	0.9333333333333333
1000	cg17987112	14	0.9333333333333333
1000	cg08481075	14	0.9333333333333333
1000	cg16234978	14	0.9333333333333333
1000	cg22498143	14	0.9333333333333333
1000	cg04109898	14	0.9333333333333333
1000	cg14544666	14	0.9333333333333333
1000	cg20634967	13	0.8666666666666667
1000	cg15690342	13	0.8666666666666667
1000	cg22511877	13	0.8666666666666667
1000	cg02423105	13	0.8666666666666667
1000	cg01999051	13	0.8666666666666667
1000	cg08052226	13	0.8666666666666667
1000	cg11841704	13	0.8666666666666667
1000	cg12744859	13	0.8666666666666667
1000	cg10317717	12	0.8
1000	cg10017293	12	0.8
1000	cg27485596	12	0.8
1000	cg18792131	12	0.8
1000	cg00450617	12	0.8
1000	cg26818625	12	0.8
1000	cg05311410	12	0.8
1000	cg03643948	11	0.7333333333333333
1000	cg10220809	11	0.7333333333333333
1000	cg11342198	10	0.6666666666666666
1000	cg06457633	10	0.6666666666666666
1000	cg15720832	10	0.6666666666666666
1000	cg23064609	10	0.6666666666666666
1000	cg14429919	10	0.6666666666666666
1000	cg00225603	10	0.6666666666666666
1000	cg17920646	10	0.6666666666666666
1000	cg03103218	9	0.6
1000	cg17601191	9	0.6
1000	cg26388816	9	0.6
1000	cg05911774	9	0.6
1000	cg10881128	9	0.6
1000	cg15031661	9	0.6
1000	cg13337731	8	0.5333333333333333
1000	cg27169860	8	0.5333333333333333
1000	cg13750264	8	0.5333333333333333
1000	cg26401673	7	0.4666666666666667
1000	cg10178270	7	0.4666666666666667
1000	cg07388969	6	0.4
1000	cg20196215	6	0.4
1000	cg07703462	6	0.4
1000	cg09192940	6	0.4
1000	cg01413054	6	0.4
1000	cg10025586	6	0.4
1000	cg26007189	6	0.4
1000	cg23385248	5	0.3333333333333333
1000	cg20525486	5	0.3333333333333333
1000	cg14585167	5	0.3333333333333333
1000	cg26245549	5	0.3333333333333333
1000	cg19209066	5	0.3333333333333333
1000	cg22627029	5	0.3333333333333333
1000	cg13699355	5	0.3333333333333333
1000	cg10875499	4	0.26666666666666666
1000	cg03306486	4	0.26666666666666666
1000	cg15003570	4	0.26666666666666666
1000	cg07962143	3	0.2
1000	cg02032299	3	0.2
1000	cg21011133	3	0.2
1000	cg05307752	3	0.2
1000	cg14192291	3	0.2
1000	cg06908244	3	0.2
1000	cg26190890	3	0.2
1000	cg19901523	3	0.2
1000	cg09243824	3	0.2
1000	cg13622450	2	0.13333333333333333
1000	cg26345613	2	0.13333333333333333
1000	cg11828180	2	0.13333333333333333
1000	cg16393012	2	0.13333333333333333
1000	cg22897615	2	0.13333333333333333
1000	cg19859323	2	0.13333333333333333
1000	cg07489502	1	0.06666666666666667
1000	cg21549195	1	0.06666666666666667
1000	cg19974227	1	0.06666666666666667
1000	cg05890377	1	0.06666666666666667
1000	cg16171281	1	0.06666666666666667
1000	cg11875044	1	0.06666666666666667
1000	cg14133945	1	0.06666666666666667
1000	cg04778178	1	0.06666666666666667
1000	cg26791879	1	0.06666666666666667
1000	cg17455155	1	0.06666666666666667
1000	cg00513941	1	0.06666666666666667
1000	cg23591302	1	0.06666666666666667
1000	cg08199953	1	0.06666666666666667
1000	cg15380291	1	0.06666666666666667
1000	cg02467990	1	0.06666666666666667
1000	cg26814987	1	0.06666666666666667
1000	cg05617980	1	0.06666666666666667
1000	cg05390968	1	0.06666666666666667
