panel_size	left_repeat	left_fold	right_repeat	right_fold	jaccard	rank_biased_overlap	common_probe_count	spearman_common_probes
1000	0	0	0	1	0.9627085377821394	0.9425065323691225	981	0.9950365773843685
1000	0	0	0	2	0.9665683382497542	0.9917937762759376	983	0.9944561999877405
1000	0	0	0	3	0.9607843137254902	0.9855386565997741	980	0.9944464281012794
1000	0	0	0	4	0.9646365422396856	0.9900159260026402	982	0.993629641206261
1000	0	0	1	0	0.9704433497536946	0.988199383037325	985	0.9952684745028897
1000	0	0	1	1	0.968503937007874	0.9474090107506005	984	0.9950168841583381
1000	0	0	1	2	0.968503937007874	0.9915522441190076	984	0.9957700872741774
1000	0	0	1	3	0.9665683382497542	0.9895288219020085	983	0.995807130133839
1000	0	0	1	4	0.9704433497536946	0.9897352974141815	985	0.996168131732079
1000	0	0	2	0	0.9723865877712031	0.9459532309360513	986	0.9964132981234922
1000	0	0	2	1	0.968503937007874	0.9460277639199304	984	0.995678912441303
1000	0	0	2	2	0.9743336623889437	0.9910701794294797	987	0.9953232759712729
1000	0	0	2	3	0.968503937007874	0.9911378188423492	984	0.9950537117880283
1000	0	0	2	4	0.9607843137254902	0.9918648987358974	980	0.9953656378914452
1000	0	1	0	2	0.9723865877712031	0.9422867389458772	986	0.994760172728476
1000	0	1	0	3	0.9665683382497542	0.9401641855050817	983	0.9943306869000923
1000	0	1	0	4	0.9704433497536946	0.9407530075992327	985	0.9939782810529788
1000	0	1	1	0	0.9723865877712031	0.9413233236572003	986	0.9951838600481107
1000	0	1	1	1	0.9704433497536946	0.9919228423902589	985	0.9959129182832279
1000	0	1	1	2	0.9723865877712031	0.9440418691751741	986	0.9960051837696023
1000	0	1	1	3	0.9723865877712031	0.9449111782342482	986	0.9954915262692557
1000	0	1	1	4	0.9627085377821394	0.9448533642288086	981	0.9954083698166576
1000	0	1	2	0	0.9704433497536946	0.9892649315830975	985	0.9959459296562674
1000	0	1	2	1	0.9665683382497542	0.990915918337164	983	0.9949749158272724
1000	0	1	2	2	0.968503937007874	0.9488070036460711	984	0.9953496930799954
1000	0	1	2	3	0.9743336623889437	0.9434128801772987	987	0.995781271033458
1000	0	1	2	4	0.9743336623889437	0.9420261306741639	987	0.9956589875874189
1000	0	2	0	3	0.9607843137254902	0.9884520599316879	980	0.9938278714133927
1000	0	2	0	4	0.9743336623889437	0.988139528220541	987	0.9944645960718684
1000	0	2	1	0	0.9762845849802372	0.9899984046654713	988	0.9956463495357735
1000	0	2	1	1	0.9743336623889437	0.9447727393547721	987	0.9956324042295845
1000	0	2	1	2	0.9782393669634025	0.9953056242738861	989	0.9951968897474721
1000	0	2	1	3	0.968503937007874	0.9918357683634527	984	0.9960028797090469
1000	0	2	1	4	0.9821605550049554	0.9915285031200374	991	0.9957154715015789
1000	0	2	2	0	0.9782393669634025	0.9465998130302354	989	0.9956889544032324
1000	0	2	2	1	0.9782393669634025	0.9436118351400173	989	0.9947368297003759
1000	0	2	2	2	0.9646365422396856	0.9902410743267926	982	0.9958142030366046
1000	0	2	2	3	0.9762845849802372	0.9947622472537765	988	0.9953238624388349
1000	0	2	2	4	0.9665683382497542	0.9913996016167074	983	0.9961658183657974
1000	0	3	0	4	0.9627085377821394	0.9869103240718572	981	0.9932606043781512
1000	0	3	1	0	0.9723865877712031	0.990160932067791	986	0.9955065734596295
1000	0	3	1	1	0.9646365422396856	0.9403149422995236	982	0.9949149049287227
1000	0	3	1	2	0.968503937007874	0.9887012293667733	984	0.9953144272239313
1000	0	3	1	3	0.9704433497536946	0.9878805993843006	985	0.9956663312372975
1000	0	3	1	4	0.9627085377821394	0.9886947816832012	981	0.9951054066500382
1000	0	3	2	0	0.9646365422396856	0.9411205475407117	982	0.9954446984284386
1000	0	3	2	1	0.9627085377821394	0.9425313117027405	981	0.994816895722582
1000	0	3	2	2	0.968503937007874	0.9839239333101327	984	0.9951481109277428
1000	0	3	2	3	0.9762845849802372	0.9890845834884257	988	0.9951749246137573
1000	0	3	2	4	0.9723865877712031	0.9867353806441354	986	0.9957942226613005
1000	0	4	1	0	0.9743336623889437	0.9886266987980996	987	0.9949428219429969
1000	0	4	1	1	0.9704433497536946	0.9437489234519453	985	0.9952759080262215
1000	0	4	1	2	0.968503937007874	0.9906202332274342	984	0.9945342835130488
1000	0	4	1	3	0.968503937007874	0.9856450385753913	984	0.9952004303442036
1000	0	4	1	4	0.9743336623889437	0.9899856057413208	987	0.9953511323349756
1000	0	4	2	0	0.9782393669634025	0.947258852438943	989	0.9947658695410277
1000	0	4	2	1	0.9704433497536946	0.9440370857378741	985	0.9940087057608049
1000	0	4	2	2	0.9665683382497542	0.988405820922245	983	0.9954646632209081
1000	0	4	2	3	0.9743336623889437	0.9882447189104777	987	0.9957771150437119
1000	0	4	2	4	0.9646365422396856	0.9929749242471549	982	0.9953001862520426
1000	1	0	1	1	0.9743336623889437	0.9404065733424135	987	0.9941465442920303
1000	1	0	1	2	0.9762845849802372	0.9891790136515911	988	0.9939815556243519
1000	1	0	1	3	0.9704433497536946	0.9897854725923239	985	0.9946494076662228
1000	1	0	1	4	0.968503937007874	0.9861810941167388	984	0.9945956964823948
1000	1	0	2	0	0.9743336623889437	0.9414574786104498	987	0.995652035976943
1000	1	0	2	1	0.9762845849802372	0.9459355002727681	988	0.9950573047924994
1000	1	0	2	2	0.9723865877712031	0.9855105364465232	986	0.9952618625799067
1000	1	0	2	3	0.9782393669634025	0.9917425025904294	989	0.9952309535673911
1000	1	0	2	4	0.9723865877712031	0.9886806965778897	986	0.995830538717269
1000	1	1	1	2	0.9704433497536946	0.9437252094907135	985	0.9946406054705207
1000	1	1	1	3	0.9607843137254902	0.9444109865446492	980	0.9942640421707378
1000	1	1	1	4	0.9665683382497542	0.9442903520559981	983	0.9943789592209682
1000	1	1	2	0	0.9762845849802372	0.9898271155909305	988	0.9954419675211769
1000	1	1	2	1	0.9646365422396856	0.9881834651568474	982	0.994176199841839
1000	1	1	2	2	0.9665683382497542	0.9444453088748405	983	0.9960073825699045
1000	1	1	2	3	0.9704433497536946	0.9464344616818547	985	0.9958886086528724
1000	1	1	2	4	0.968503937007874	0.9437031374833855	984	0.9955351788879442
1000	1	2	1	3	0.9646365422396856	0.9922813083025248	982	0.9947196411505671
1000	1	2	1	4	0.9704433497536946	0.9927029353960534	985	0.9944322407979387
1000	1	2	2	0	0.9723865877712031	0.9477312637942211	986	0.9960316603150606
1000	1	2	2	1	0.9762845849802372	0.9438321383677875	988	0.995347391380123
1000	1	2	2	2	0.9704433497536946	0.9918770171622194	985	0.9952653981292134
1000	1	2	2	3	0.9743336623889437	0.9929692887955083	987	0.9952881185445032
1000	1	2	2	4	0.968503937007874	0.9934352442982468	984	0.9953685099331954
1000	1	3	1	4	0.9665683382497542	0.9863102882843703	983	0.995198565368353
1000	1	3	2	0	0.9743336623889437	0.9472552003243692	987	0.9956831372575645
1000	1	3	2	1	0.968503937007874	0.9422389637439169	984	0.9952674984454686
1000	1	3	2	2	0.9646365422396856	0.990573903056913	982	0.9953145436964355
1000	1	3	2	3	0.9723865877712031	0.9953291210833412	986	0.995643462832955
1000	1	3	2	4	0.968503937007874	0.9878883440535036	984	0.9964529476021171
1000	1	4	2	0	0.968503937007874	0.943708831800808	984	0.9959993531234402
1000	1	4	2	1	0.9723865877712031	0.94603462617627	986	0.995087067306039
1000	1	4	2	2	0.968503937007874	0.9919110565082616	984	0.9960384730337744
1000	1	4	2	3	0.9762845849802372	0.9891386715834054	988	0.9954371149103347
1000	1	4	2	4	0.9646365422396856	0.9928851196529838	982	0.9956380613975392
1000	2	0	2	1	0.968503937007874	0.9881642856882873	984	0.9949817316568114
1000	2	0	2	2	0.968503937007874	0.9472214947529048	984	0.9946949194874208
1000	2	0	2	3	0.9704433497536946	0.9486182118698735	985	0.9943481365086199
1000	2	0	2	4	0.9665683382497542	0.9438476613431422	983	0.9946717262358812
1000	2	1	2	2	0.9627085377821394	0.9442526064695673	981	0.993396839294024
1000	2	1	2	3	0.9723865877712031	0.9438438559046607	986	0.9928097589166576
1000	2	1	2	4	0.9627085377821394	0.9455727273073848	981	0.9939658533119333
1000	2	2	2	3	0.9723865877712031	0.9896926619108426	986	0.9950247504061381
1000	2	2	2	4	0.9627085377821394	0.9895640565830727	981	0.9946978458791353
1000	2	3	2	4	0.9743336623889437	0.9887433103999981	987	0.9954659399916517
