cohort	lineage	panel_size	n_patients	n_correct	recall	ci_low	ci_high	coverage
GSE121377	THCA	500	27	27	1.0000	0.8723	1.0000	0.920
GSE121377	THCA	1000	27	27	1.0000	0.8723	1.0000	0.922
GSE133556	OV	500	99	3	0.0303	0.0063	0.0860	0.920
GSE133556	OV	1000	99	1	0.0101	0.0003	0.0550	0.922
GSE136380	LIHC	500	23	23	1.0000	0.8518	1.0000	0.920
GSE136380	LIHC	1000	23	23	1.0000	0.8518	1.0000	0.922
GSE144487	SKCM	500	196	181	0.9235	0.8769	0.9565	0.898
GSE144487	SKCM	1000	196	188	0.9592	0.9212	0.9822	0.896
GSE148766	COAD/READ	500	36	27	0.7500	0.5780	0.8788	0.844
GSE148766	COAD/READ	1000	36	28	0.7778	0.6085	0.8988	0.860
GSE164269	MESO	500	79	41	0.5190	0.4036	0.6329	0.878
GSE164269	MESO	1000	79	47	0.5949	0.4785	0.7040	0.877
