probe_id,mean_rank,selected_count,gene_symbol,gene_region,relation_to_cpg_island,is_promoter,top_pathways
cg23057992,1.0,15,TMEM163,TSS200,Island,True,
cg16602369,2.1333333333333333,15,ANKRD33B,TSS200,Island,True,
cg23091104,2.8666666666666667,15,TMEM164,1stExon,Island,True,
cg04571941,4.0,15,TNRC18,TSS200,Island,True,
cg10554839,5.0,15,ACBD5,5'UTR,Island,True,Class I peroxisomal membrane protein import;Fatty acid metabolism;Metabolism;Metabolism of lipids;Peroxisomal lipid metabolism
cg11717189,6.0,15,INS-IGF2,Body,Island,False,
cg18703601,7.0,15,ROBO1,TSS1500,S_Shore,True,Activation of RAC1;Axon guidance;Developmental Biology;Inactivation of CDC42 and RAC1;Nervous system development
cg21577651,8.0,15,SLC16A13,TSS1500,Island,True,
cg03990436,9.0,15,PSMD1,3'UTR,,False,ABC transporter disorders;ABC-family protein mediated transport;AMPK-induced ERAD and lysosome mediated degradation of PD-L1(CD274);APC/C-mediated degradation of cell cycle proteins;APC/C:Cdc20 mediated degradation of Securin
cg07129523,10.0,15,PCDHB4,TSS200,N_Shore,True,
cg22621695,11.066666666666666,15,DYRK2,1stExon,Island,True,Gene expression (Transcription);Generic Transcription Pathway;RNA Polymerase II Transcription;Regulation of TP53 Activity;Regulation of TP53 Activity through Phosphorylation
cg01263942,12.0,15,DIP2C,Body,,True,
cg13294849,13.0,15,SOX2OT,Body,N_Shelf,False,
cg12911732,15.066666666666666,15,,,,False,
cg14696311,16.133333333333333,15,RASA3,Body,S_Shelf,False,MAPK family signaling cascades;MAPK1/MAPK3 signaling;RAF/MAP kinase cascade;Regulation of RAS by GAPs;Signal Transduction
cg10416814,16.6,15,,,Island,False,
cg06315390,16.666666666666668,15,FAM118A,TSS1500,N_Shore,True,
cg09068128,17.133333333333333,15,,,,False,
cg25105522,17.533333333333335,15,MAP3K14,Body,,False,Adaptive Immune System;C-type lectin receptors (CLRs);CD28 dependent PI3K/Akt signaling;CLEC7A (Dectin-1) signaling;Co-stimulation by CD28
cg08599635,20.53333333333333,15,WWOX,Body,,False,Activation of the TFAP2 (AP-2) family of transcription factors;Gene expression (Transcription);Generic Transcription Pathway;Negative regulation of activity of TFAP2 (AP-2) family transcription factors;Nuclear signaling by ERBB4
cg12019614,20.6,15,DOCK6,Body,Island,False,CDC42 GTPase cycle;Factors involved in megakaryocyte development and platelet production;Hemostasis;RAC1 GTPase cycle;RHO GTPase cycle
cg06223834,22.53333333333333,15,ADCY9,Body,,False,ADORA2B mediated anti-inflammatory cytokines production;Activation of GABAB receptors;Adenylate cyclase activating pathway;Adenylate cyclase inhibitory pathway;Anti-inflammatory response favouring Leishmania parasite infection
cg17754510,23.4,15,,,S_Shore,False,
cg01774894,23.666666666666668,15,LOC404266,Body,N_Shore,False,
cg20100745,24.666666666666668,15,NDRG1,5'UTR,N_Shore,True,Gene expression (Transcription);Generic Transcription Pathway;RNA Polymerase II Transcription;TP53 Regulates Transcription of Cell Death Genes;TP53 regulates transcription of several additional cell death genes whose specific roles in p53-dependent apoptosis remain uncertain
cg11630939,26.53333333333333,15,,,,False,
cg26014538,26.933333333333334,15,ZIC1,TSS1500,N_Shore,True,Developmental Biology;Gastrulation;MITF-M-regulated melanocyte development;Specification of the neural plate border;Transcriptional and post-translational regulation of MITF-M expression and activity
cg17375167,27.066666666666663,15,IGF1R,TSS1500,Island,True,Disease;ESR-mediated signaling;Extra-nuclear estrogen signaling;IGF1R signaling cascade;IRS-related events triggered by IGF1R
cg27260772,29.2,15,TFAP2B,Body,Island,False,Activation of the TFAP2 (AP-2) family of transcription factors;Developmental Biology;Gastrulation;Gene expression (Transcription);Generic Transcription Pathway
cg19980771,30.666666666666668,15,SLC22A16,TSS200,Island,True,SLC-mediated transmembrane transport;SLC-mediated transport of organic cations;Transport of small molecules
cg01246520,30.933333333333334,15,RAI1,5'UTR,,True,"Cellular responses to stimuli;Cellular responses to stress;Circadian clock;Expression of BMAL (ARNTL), CLOCK, and NPAS2;Heme signaling"
cg20545544,32.4,15,CBX5,1stExon,Island,True,Epigenetic regulation of gene expression;Factors involved in megakaryocyte development and platelet production;Gene expression (Transcription);Generic Transcription Pathway;Hemostasis
cg25731211,32.666666666666664,15,,,,False,
cg05651243,33.93333333333333,15,,,,False,
cg26864905,34.06666666666667,15,IL20RA,TSS200,S_Shore,True,Cytokine Signaling in Immune system;Immune System;Interleukin-20 family signaling;Signaling by Interleukins
cg21887193,36.13333333333333,15,AGAP3,Body,S_Shore,False,
cg12680131,37.4,15,TPO,TSS1500,,True,Metabolism;Metabolism of amine-derived hormones;Metabolism of amino acids and derivatives;Thyroxine biosynthesis
cg00660167,38.66666666666666,15,,,N_Shore,False,
cg22169990,39.2,15,AGAP3,Body,S_Shore,False,
cg02027945,40.2,15,,,Island,False,
cg00428457,41.86666666666667,15,,,,False,
cg01680010,42.6,15,,,S_Shore,False,
cg00768487,43.333333333333336,15,UBXN11,Body,,False,RHO GTPase cycle;RND1 GTPase cycle;RND2 GTPase cycle;RND3 GTPase cycle;Signal Transduction
cg12014181,44.333333333333336,15,DIP2C,Body,,False,
cg03692651,45.2,15,,,Island,False,
cg13641185,45.2,15,,,Island,False,
cg15425541,45.8,15,,,S_Shelf,False,
cg00907288,47.333333333333336,15,SRGAP3,Body,S_Shore,False,Axon guidance;CDC42 GTPase cycle;Developmental Biology;Inactivation of CDC42 and RAC1;Nervous system development
cg16647921,48.66666666666666,15,,,Island,False,
cg24816460,51.0,15,CDYL,TSS1500,Island,True,
cg26858540,51.8,15,ZNF787,Body,S_Shelf,False,
cg27592331,52.86666666666667,15,GATA6,Body,N_Shore,False,Cardiogenesis;Developmental Biology;Factors involved in megakaryocyte development and platelet production;Formation of definitive endoderm;Gastrulation
cg01682111,53.333333333333336,15,UNKL,TSS1500,Island,True,Adaptive Immune System;Antigen processing: Ubiquitination & Proteasome degradation;Class I MHC mediated antigen processing & presentation;Immune System
cg10501210,54.266666666666666,15,,,,False,
cg20928945,55.13333333333333,15,ADAP1,Body,S_Shore,False,Nuclear signaling by ERBB4;Signal Transduction;Signaling by ERBB4;Signaling by Receptor Tyrosine Kinases
cg12619262,55.6,15,,,,False,
cg14769786,56.66666666666666,15,RTN4RL1,Body,S_Shore,False,Metabolism of proteins;Post-translational modification: synthesis of GPI-anchored proteins;Post-translational protein modification
cg13879483,57.8,15,USP44,TSS1500,Island,True,Deubiquitination;Metabolism of proteins;Post-translational protein modification;Ub-specific processing proteases
cg11862144,58.2,15,SERPINB5,TSS200,,True,
cg12072262,60.93333333333333,15,,,,False,
cg02772121,61.266666666666666,15,TRIM15,TSS200,,True,
cg22740796,61.46666666666667,15,,,,False,
cg24150623,62.8,15,MIR125B1,TSS1500,,True,
cg27091865,65.93333333333334,15,,,,False,
cg19486070,66.6,15,KIAA1908,Body,,False,
cg15497761,67.93333333333334,15,TRIM46,Body,Island,False,Cytokine Signaling in Immune system;Immune System;Interferon Signaling;Interferon gamma signaling
cg02048922,68.06666666666666,15,BAI1,Body,S_Shore,False,
cg06879394,70.0,15,PHACTR1,Body,,False,
cg14262681,70.13333333333334,15,,,N_Shore,False,
cg21428990,70.33333333333333,15,,,,False,
cg14500486,70.86666666666666,15,FNDC1,Body,Island,False,
cg22986569,71.46666666666667,15,,,,False,
cg03274456,72.66666666666667,15,AHNAK,Body,,False,
cg04737131,72.8,15,HOXA2,TSS1500,N_Shore,True,Activation of HOX genes during differentiation;Activation of anterior HOX genes in hindbrain development during early embryogenesis;Axon guidance;Developmental Biology;Nervous system development
cg01965874,75.26666666666667,15,PAX7,Body,,False,Developmental Biology;Gastrulation;Specification of the neural plate border
cg08360726,77.2,15,PLD3,5'UTR,Island,True,Fcgamma receptor (FCGR) dependent phagocytosis;Glycerophospholipid biosynthesis;Immune System;Innate Immune System;Metabolism
cg23709617,78.26666666666667,15,KNDC1,Body,S_Shore,False,
cg19022006,78.73333333333333,15,SERPINB5,TSS200,,True,
cg17945789,79.4,15,AGAP1,Body,S_Shore,False,
cg27436995,79.66666666666667,15,FBXL16,3'UTR,Island,False,Adaptive Immune System;Antigen processing: Ubiquitination & Proteasome degradation;Class I MHC mediated antigen processing & presentation;Immune System;Metabolism of proteins
cg26010218,82.0,15,FRAS1,TSS1500,N_Shore,True,
cg18121066,82.33333333333333,15,TBCD,Body,S_Shelf,True,Metabolism of proteins;Post-chaperonin tubulin folding pathway;Protein folding
cg11837293,82.46666666666667,15,,,,False,
cg09798888,83.4,15,,,S_Shore,False,
cg08954277,83.93333333333334,15,,,S_Shore,False,
cg14715697,85.06666666666666,15,HRNBP3,5'UTR,Island,True,
cg05940691,86.26666666666667,15,WDR64,Body,,False,
cg07248223,86.33333333333333,15,CCR7,Body,,False,Chemokine receptors bind chemokines;Class A/1 (Rhodopsin-like receptors);G alpha (i) signalling events;GPCR downstream signalling;GPCR ligand binding
cg17233090,86.93333333333334,15,,,,False,
cg22425474,88.0,15,,,Island,False,
cg27071152,89.66666666666667,15,LOC646999,Body,Island,False,
cg07162000,91.2,15,ADARB2,Body,N_Shelf,False,
cg02025737,92.06666666666666,15,,,,False,
cg18924324,94.73333333333332,15,PRDM13,Body,S_Shore,False,
cg00931644,93.85714285714286,14,KCTD12,TSS1500,S_Shore,True,
cg02486253,95.78571428571428,14,RNF126P1,TSS200,Island,True,
cg22399133,97.0,11,CRYGD,1stExon,Island,True,
cg01623261,97.14285714285714,7,BAHCC1,Body,Island,False,
cg25999637,98.28571428571428,7,PDLIM3,Body,,False,
cg14931854,97.5,6,,,,False,
