metric,mean,std,min,max
macro_f1,0.8747891740327527,0.0177799268001182,0.8374271504785858,0.9055486491148088
balanced_accuracy,0.8893250689690498,0.0191863850913631,0.8539033055377965,0.9204348720009176
accuracy,0.9065734339708952,0.0139188944086771,0.8745184369840396,0.925414364640884
weighted_f1,0.9080010417411524,0.0132915110233898,0.8777363678181428,0.925510911108377
log_loss,0.3498832231161727,0.0409445003917812,0.2858905214717318,0.4183931174131839
top3_accuracy,0.9830500454491692,0.0034204730277924,0.976243093922652,0.9900552486187846
top5_accuracy,0.9920975728382868,0.0025282774432424,0.9878453038674032,0.9966923925027564
roc_auc_ovr_macro,0.9966535063872042,0.0008152586021754,0.9949297048114072,0.9979695109653364
seconds,1037.6949956417084,227.56393513518063,567.3795173168182,1307.1785542964935
