panel_size	metric	estimate_mean_across_repeats	ci_low	ci_high	n_bootstrap	resampling_unit
500	macro_f1	0.9250520455475705	0.9162634878091664	0.9323199146612166	2000	patient_once_retaining_all_repeat_predictions
500	balanced_accuracy	0.9266829160239891	0.9180022631845792	0.9344303541878909	2000	patient_once_retaining_all_repeat_predictions
500	brier_multiclass	0.08850950609019843	0.0817354777369645	0.09496377091500895	2000	patient_once_retaining_all_repeat_predictions
500	nll	0.2142301470531354	0.19412064544224744	0.23366436452258166	2000	patient_once_retaining_all_repeat_predictions
500	accuracy	0.9441144607568456	0.940004296014046	0.9484104748029436	2000	patient_once_retaining_all_repeat_predictions
500	ece_15_bins	0.022312860787726856	0.019522266861820917	0.026434514119693307	2000	patient_once_retaining_all_repeat_predictions
500	aurc	0.00788153578528051	0.00661130863039469	0.009244683203324647	2000	patient_once_retaining_all_repeat_predictions
1000	macro_f1	0.9273584368413742	0.9166137009649157	0.9356838289458831	2000	patient_once_retaining_all_repeat_predictions
1000	balanced_accuracy	0.9267137720412291	0.9153600196277469	0.9372749637839658	2000	patient_once_retaining_all_repeat_predictions
1000	brier_multiclass	0.0773165276687272	0.07085973964901318	0.08383740749648223	2000	patient_once_retaining_all_repeat_predictions
1000	nll	0.1913655610412104	0.1714497719922661	0.21165951029158905	2000	patient_once_retaining_all_repeat_predictions
1000	accuracy	0.9512869363816354	0.9471403489110539	0.9554344577683143	2000	patient_once_retaining_all_repeat_predictions
1000	ece_15_bins	0.02282437899426933	0.019853532527937534	0.0267763778163069	2000	patient_once_retaining_all_repeat_predictions
1000	aurc	0.005782113531240686	0.004809239615319047	0.006857894649475388	2000	patient_once_retaining_all_repeat_predictions
