panel_size	true_label	TCGA-ACC	TCGA-BLCA	TCGA-BRCA	TCGA-CESC	TCGA-CHOL	TCGA-COAD	TCGA-DLBC	TCGA-ESCA	TCGA-GBM	TCGA-HNSC	TCGA-KICH	TCGA-KIRC	TCGA-KIRP	TCGA-LAML	TCGA-LGG	TCGA-LIHC	TCGA-LUAD	TCGA-LUSC	TCGA-MESO	TCGA-OV	TCGA-PAAD	TCGA-PCPG	TCGA-PRAD	TCGA-READ	TCGA-SARC	TCGA-SKCM	TCGA-STAD	TCGA-TGCT	TCGA-THCA	TCGA-THYM	TCGA-UCEC	TCGA-UCS	TCGA-UVM
500	TCGA-ACC	77	0	0	0	0	0	0	0	0	0	0	0	0	0	0	0	2	0	0	0	0	0	0	0	1	0	0	0	0	0	0	0	0
500	TCGA-BLCA	0	389	0	7	0	0	0	1	0	1	0	0	0	1	0	0	0	5	0	0	0	0	1	1	2	0	1	1	0	0	1	1	0
500	TCGA-BRCA	0	0	781	0	0	0	0	0	0	0	0	0	0	0	0	0	0	1	0	0	0	0	0	0	3	0	0	0	0	0	0	0	0
500	TCGA-CESC	0	4	0	287	0	0	0	0	0	4	0	0	0	0	0	0	0	1	0	0	0	0	0	1	0	0	0	0	0	0	9	1	0
500	TCGA-CHOL	0	0	0	0	29	0	1	0	0	0	0	0	0	0	0	2	0	0	0	0	2	0	0	0	0	0	2	0	0	0	0	0	0
500	TCGA-COAD	0	0	0	0	0	256	0	0	0	0	0	0	0	0	0	0	0	0	0	0	0	0	0	32	0	0	7	0	0	0	0	0	0
500	TCGA-DLBC	0	0	0	0	0	0	45	0	0	0	0	0	0	1	0	0	0	0	0	0	0	0	0	0	0	1	1	0	0	0	0	0	0
500	TCGA-ESCA	0	0	1	0	0	1	0	130	0	16	0	0	0	0	0	0	0	5	0	0	0	0	0	0	0	1	31	0	0	0	0	0	0
500	TCGA-GBM	0	0	0	0	0	0	0	0	125	0	0	0	0	0	16	0	0	0	0	0	0	0	0	0	0	0	0	0	0	0	0	0	0
500	TCGA-HNSC	0	1	1	3	0	0	0	10	0	503	0	0	0	0	0	0	0	10	0	0	0	0	0	0	0	0	0	0	0	0	0	0	0
500	TCGA-KICH	0	0	0	0	0	0	0	0	0	0	63	0	2	0	0	0	0	0	0	0	0	0	0	0	1	0	0	0	0	0	0	0	0
500	TCGA-KIRC	0	0	0	0	0	0	0	0	0	0	5	300	11	0	0	0	1	0	0	0	0	0	0	0	1	0	0	0	0	0	1	0	0
500	TCGA-KIRP	0	3	0	0	0	0	0	0	0	0	6	14	252	0	0	0	0	0	0	0	0	0	0	0	0	0	0	0	0	0	0	0	0
500	TCGA-LAML	0	0	0	0	0	0	0	0	0	0	0	0	0	194	0	0	0	0	0	0	0	0	0	0	0	0	0	0	0	0	0	0	0
500	TCGA-LGG	0	0	0	0	0	0	0	0	26	0	0	0	0	0	489	0	0	0	0	0	0	1	0	0	0	0	0	0	0	0	0	0	0
500	TCGA-LIHC	0	0	0	0	5	0	0	1	0	0	0	0	0	0	0	368	0	0	1	0	0	0	0	0	1	0	1	0	0	0	0	0	0
500	TCGA-LUAD	0	1	0	0	0	0	0	0	0	0	0	0	0	0	0	0	435	18	1	0	2	0	0	0	0	0	1	0	0	0	0	0	0
500	TCGA-LUSC	0	2	0	2	0	0	0	6	0	10	0	0	0	0	0	0	21	326	0	0	0	0	0	0	0	1	2	0	0	0	0	0	0
500	TCGA-MESO	0	0	0	0	0	0	0	0	0	0	0	0	0	0	0	0	2	0	84	0	0	0	0	0	1	0	0	0	0	0	0	0	0
500	TCGA-OV	0	0	0	0	0	0	0	0	0	0	0	0	0	0	0	0	0	0	0	9	0	0	0	0	0	0	0	0	0	0	1	0	0
500	TCGA-PAAD	0	0	0	0	0	2	0	1	0	0	0	0	0	0	0	0	0	0	0	0	178	0	0	0	1	0	2	0	0	0	0	0	0
500	TCGA-PCPG	2	0	0	0	0	0	0	0	0	0	0	0	0	0	0	0	0	0	0	0	1	176	0	0	0	0	0	0	0	0	0	0	0
500	TCGA-PRAD	0	0	0	0	0	0	0	0	0	0	0	0	0	0	0	0	0	0	0	0	0	0	498	0	0	0	0	0	0	0	0	0	0
500	TCGA-READ	0	0	0	0	0	32	0	0	0	0	0	0	0	0	0	0	0	0	0	0	0	0	0	65	0	0	1	0	0	0	0	0	0
500	TCGA-SARC	1	1	0	0	0	0	0	0	0	3	0	0	0	0	0	0	0	0	0	0	1	1	0	0	249	3	1	0	0	0	0	1	0
500	TCGA-SKCM	0	0	1	0	0	0	1	0	0	1	0	1	0	0	0	0	0	0	0	0	0	0	0	0	4	460	0	0	0	0	0	0	2
500	TCGA-STAD	0	1	0	0	0	2	1	22	0	1	0	0	0	0	0	0	1	0	0	0	2	0	0	0	0	1	363	0	0	0	1	0	0
500	TCGA-TGCT	0	0	0	0	0	0	0	0	0	0	0	0	0	0	0	0	0	0	0	0	0	0	0	0	0	0	0	150	0	0	0	0	0
500	TCGA-THCA	0	0	0	0	0	0	0	0	0	0	0	0	0	0	0	0	0	0	0	0	0	0	0	0	0	0	0	0	507	0	0	0	0
500	TCGA-THYM	0	0	0	0	0	0	1	0	0	0	0	0	0	0	0	0	0	0	0	0	0	0	0	0	0	0	0	0	0	123	0	0	0
500	TCGA-UCEC	0	0	1	2	0	0	0	0	0	0	0	0	0	0	0	0	0	0	0	2	0	0	0	0	1	0	0	1	0	0	420	4	0
500	TCGA-UCS	0	0	0	1	0	0	0	0	0	0	0	0	0	0	0	0	0	0	0	0	0	0	0	0	0	0	0	0	0	0	7	49	0
500	TCGA-UVM	0	0	0	0	0	0	0	0	0	0	0	0	0	0	0	0	0	0	0	0	0	0	0	0	0	0	0	0	0	0	0	0	80
1000	TCGA-ACC	77	0	0	0	0	0	0	0	0	0	0	0	0	0	0	0	1	1	0	0	0	0	0	0	1	0	0	0	0	0	0	0	0
1000	TCGA-BLCA	0	393	0	5	0	0	0	1	0	1	0	0	0	0	0	0	0	2	0	0	0	0	1	1	2	1	2	1	0	0	1	1	0
1000	TCGA-BRCA	0	0	782	0	0	0	0	0	0	0	0	0	0	0	0	0	0	0	0	0	0	0	0	0	3	0	0	0	0	0	0	0	0
1000	TCGA-CESC	0	3	0	287	0	0	0	2	0	1	0	0	0	0	0	0	0	0	0	0	0	0	0	1	0	0	0	0	0	0	12	1	0
1000	TCGA-CHOL	0	0	0	0	28	0	0	0	0	0	0	0	0	0	0	4	1	0	0	0	2	0	0	0	0	0	0	0	0	1	0	0	0
1000	TCGA-COAD	0	0	0	0	0	264	0	0	0	0	0	0	0	0	0	0	0	0	0	0	0	0	0	26	0	0	5	0	0	0	0	0	0
1000	TCGA-DLBC	0	0	0	0	0	0	46	0	0	0	0	0	0	1	0	0	0	0	0	0	0	0	0	0	0	1	0	0	0	0	0	0	0
1000	TCGA-ESCA	0	1	1	0	0	1	2	140	0	8	0	0	0	0	0	0	0	2	0	0	0	0	0	0	0	0	30	0	0	0	0	0	0
1000	TCGA-GBM	0	0	0	0	0	0	0	0	130	0	0	0	0	0	11	0	0	0	0	0	0	0	0	0	0	0	0	0	0	0	0	0	0
1000	TCGA-HNSC	0	2	2	4	0	0	0	3	0	511	0	0	0	0	0	0	0	6	0	0	0	0	0	0	0	0	0	0	0	0	0	0	0
1000	TCGA-KICH	0	0	0	0	0	0	0	0	0	0	63	0	2	0	0	0	0	0	0	0	0	0	0	0	1	0	0	0	0	0	0	0	0
1000	TCGA-KIRC	0	0	0	0	0	0	0	0	0	0	5	301	10	0	0	0	1	0	0	0	0	0	0	0	1	0	0	0	0	0	1	0	0
1000	TCGA-KIRP	0	3	0	0	0	0	0	0	0	0	5	11	256	0	0	0	0	0	0	0	0	0	0	0	0	0	0	0	0	0	0	0	0
1000	TCGA-LAML	0	0	0	0	0	0	0	0	0	0	0	0	0	194	0	0	0	0	0	0	0	0	0	0	0	0	0	0	0	0	0	0	0
1000	TCGA-LGG	0	0	0	0	0	0	0	0	28	0	0	0	0	0	487	0	0	0	0	0	0	1	0	0	0	0	0	0	0	0	0	0	0
1000	TCGA-LIHC	0	0	0	0	6	0	0	0	0	0	0	0	0	0	0	368	0	0	1	0	0	0	0	0	1	0	1	0	0	0	0	0	0
1000	TCGA-LUAD	0	0	0	1	0	0	0	0	0	0	0	0	0	0	0	0	435	18	1	0	2	0	0	0	0	0	1	0	0	0	0	0	0
1000	TCGA-LUSC	0	3	1	1	0	0	0	3	0	7	0	0	0	0	0	0	22	331	0	0	0	0	0	0	0	1	1	0	0	0	0	0	0
1000	TCGA-MESO	0	0	0	0	0	0	0	0	0	0	0	0	0	0	0	0	2	0	84	0	0	0	0	0	1	0	0	0	0	0	0	0	0
1000	TCGA-OV	0	0	0	0	0	0	0	0	0	0	0	0	0	0	0	0	0	0	0	7	0	0	0	0	0	0	0	0	0	0	3	0	0
1000	TCGA-PAAD	0	0	0	0	0	1	0	2	0	0	0	0	0	0	0	0	0	0	0	0	176	1	0	0	1	0	3	0	0	0	0	0	0
1000	TCGA-PCPG	2	0	0	0	0	0	0	0	0	0	0	0	0	0	0	0	0	0	0	0	1	176	0	0	0	0	0	0	0	0	0	0	0
1000	TCGA-PRAD	0	0	0	0	0	0	0	0	0	0	0	0	0	0	0	0	0	0	0	0	0	0	498	0	0	0	0	0	0	0	0	0	0
1000	TCGA-READ	0	0	0	0	0	28	0	0	0	0	0	0	0	0	0	0	0	0	0	0	0	0	0	68	0	0	2	0	0	0	0	0	0
1000	TCGA-SARC	0	0	0	0	0	0	0	0	0	1	0	0	0	0	0	0	0	0	1	0	2	1	0	0	250	4	1	0	0	0	0	1	0
1000	TCGA-SKCM	0	0	1	0	0	0	1	0	0	0	0	0	0	0	0	0	0	0	0	0	0	0	0	0	4	462	0	0	0	0	0	0	2
1000	TCGA-STAD	0	0	1	0	0	2	1	25	0	0	0	0	0	0	0	0	1	0	0	0	2	0	0	0	0	1	362	0	0	0	0	0	0
1000	TCGA-TGCT	0	0	0	0	0	0	0	0	0	0	0	0	0	0	0	0	0	0	0	0	0	0	0	0	0	0	0	150	0	0	0	0	0
1000	TCGA-THCA	0	0	0	0	0	0	0	0	0	0	0	0	0	0	0	0	0	0	0	0	0	0	0	0	0	0	0	0	507	0	0	0	0
1000	TCGA-THYM	0	0	0	0	0	0	1	0	0	0	0	0	0	0	0	0	0	0	0	0	0	0	0	0	0	0	0	0	0	123	0	0	0
1000	TCGA-UCEC	0	0	1	3	0	0	0	0	0	0	0	0	0	0	0	0	0	0	0	2	0	0	0	0	1	0	0	1	0	0	420	3	0
1000	TCGA-UCS	0	0	0	0	0	0	0	0	0	0	0	0	0	0	0	0	0	0	0	0	0	0	0	0	0	0	0	0	0	0	8	49	0
1000	TCGA-UVM	0	0	0	0	0	0	0	0	0	0	0	0	0	0	0	0	0	0	0	0	0	0	0	0	0	0	0	0	0	0	0	0	80
