panel_size	metric	n_folds	mean	sd	bootstrap_95ci_low	bootstrap_95ci_high
100	accuracy	15	0.8882495479353275	0.00930723471676834	0.883702607997862	0.8926931402509345
100	balanced_accuracy	15	0.8655248489792083	0.014617569918354844	0.8582199575880797	0.8725334861932424
100	macro_f1	15	0.8583019314161723	0.012076114550618376	0.8523775161557972	0.864137472195817
100	top3_accuracy	15	0.9815773192941587	0.0033220886660893447	0.9799675709259721	0.9832232772998839
100	ece_15_bins	15	0.040471220977678656	0.007166633121968301	0.03710079765513152	0.04411451108680323
200	accuracy	15	0.9111636801462552	0.008919181277920688	0.9068396267788292	0.9155576084586516
200	balanced_accuracy	15	0.887828793477912	0.012326830605892429	0.8817102019691342	0.8936818638634916
200	macro_f1	15	0.8844810069539438	0.011393795983092389	0.8788158539481348	0.8898477689418846
200	top3_accuracy	15	0.9861354127540539	0.0025598934747588665	0.9849298092237515	0.9874293631955869
200	ece_15_bins	15	0.042583880776960695	0.0064530654096044806	0.039487328638144886	0.04575709665373071
500	accuracy	15	0.9429716858377916	0.006235988359189151	0.9397633927205528	0.9458574428328236
500	balanced_accuracy	15	0.9262468819315485	0.010577908172780908	0.92109494745777	0.9314179534888194
500	macro_f1	15	0.921388734265914	0.013895119661541512	0.9143761718629998	0.9278769770979483
500	top3_accuracy	15	0.9925722027578988	0.0021830595555314093	0.9915421197513307	0.9936698959054563
500	ece_15_bins	15	0.025248210241082463	0.0037027814541641447	0.02346535779588707	0.027039306145526177
1000	accuracy	15	0.9521286524564642	0.00619241473355127	0.9491010616697685	0.9551283039797639
1000	balanced_accuracy	15	0.9311918258033473	0.008712747900017241	0.9270962967872156	0.9355316371512916
1000	macro_f1	15	0.9293336514341074	0.008362233151529147	0.9251908626162245	0.9332798160984443
1000	top3_accuracy	15	0.9938238798836596	0.00226788556055576	0.992656480092841	0.9948858866192617
1000	ece_15_bins	15	0.02334442892431282	0.004915139413256418	0.021042449865804704	0.025814737646687114
