panel_size	panel_rank	probe_id	chromosome	is_chr_x	is_chr_y	probe_snps	probe_snps_10	manifest_any_snp_flag
500	1	cg23057992	2	0	0			0
500	2	cg16602369	5	0	0			0
500	3	cg23091104	X	1	0			0
500	4	cg04571941	7	0	0			0
500	5	cg10554839	10	0	0			0
500	6	cg11717189	11	0	0			0
500	7	cg18703601	3	0	0			0
500	8	cg21577651	17	0	0			0
500	9	cg03990436	2	0	0			0
500	10	cg07129523	5	0	0			0
500	11	cg22621695	12	0	0			0
500	12	cg01263942	10	0	0			0
500	13	cg13294849	3	0	0			0
500	14	cg12911732	1	0	0			0
500	15	cg14696311	13	0	0			0
500	16	cg10416814	13	0	0			0
500	17	cg06315390	22	0	0			0
500	18	cg09068128	5	0	0			0
500	19	cg25105522	17	0	0			0
500	20	cg08599635	16	0	0			0
500	21	cg12019614	19	0	0			0
500	22	cg06223834	16	0	0			0
500	23	cg01774894	17	0	0	rs17704996		1
500	24	cg17754510	6	0	0	rs578856		1
500	25	cg20100745	8	0	0			0
500	26	cg11630939	17	0	0			0
500	27	cg26014538	3	0	0			0
500	28	cg17375167	15	0	0			0
500	29	cg27260772	6	0	0			0
500	30	cg19980771	6	0	0	rs3806971		1
500	31	cg01246520	17	0	0	rs12942059		1
500	32	cg20545544	12	0	0			0
500	33	cg25731211	17	0	0		rs7406347	1
500	34	cg05651243	11	0	0			0
500	35	cg26864905	6	0	0			0
500	36	cg21887193	7	0	0			0
500	37	cg12680131	2	0	0	rs2071402		1
500	38	cg00660167	17	0	0			0
500	39	cg22169990	7	0	0	rs11769922		1
500	40	cg02027945	11	0	0			0
500	41	cg00428457	2	0	0			0
500	42	cg01680010	7	0	0			0
500	43	cg00768487	1	0	0			0
500	44	cg12014181	10	0	0			0
500	45	cg13641185	6	0	0			0
500	46	cg03692651	19	0	0			0
500	47	cg15425541	14	0	0			0
500	48	cg00907288	3	0	0			0
500	49	cg16647921	4	0	0	rs11945560		1
500	50	cg24816460	6	0	0			0
500	51	cg26858540	19	0	0	rs74406635	rs72218109	1
500	52	cg27592331	18	0	0			0
500	53	cg01682111	16	0	0			0
500	54	cg10501210	1	0	0	rs61821292		1
500	55	cg20928945	7	0	0	rs3808343	rs10228782	1
500	56	cg12619262	7	0	0			0
500	57	cg14769786	17	0	0	rs12103650		1
500	58	cg11862144	18	0	0			0
500	59	cg13879483	12	0	0			0
500	60	cg12072262	10	0	0			0
500	61	cg02772121	6	0	0	rs2517625		1
500	62	cg22740796	10	0	0		rs35346965	1
500	63	cg24150623	11	0	0			0
500	64	cg27091865	2	0	0			0
500	65	cg19486070	7	0	0			0
500	66	cg15497761	1	0	0			0
500	67	cg02048922	8	0	0			0
500	68	cg14262681	20	0	0			0
500	69	cg21428990	7	0	0			0
500	70	cg06879394	6	0	0		rs3830717	1
500	71	cg14500486	6	0	0	rs2932988		1
500	72	cg22986569	5	0	0			0
500	73	cg03274456	11	0	0			0
500	74	cg04737131	7	0	0			0
500	75	cg01965874	1	0	0			0
500	76	cg08360726	19	0	0			0
500	77	cg23709617	10	0	0			0
500	78	cg19022006	18	0	0		rs57171297	1
500	79	cg17945789	2	0	0			0
500	80	cg27436995	16	0	0			0
500	81	cg18121066	17	0	0			0
500	82	cg11837293	20	0	0			0
500	83	cg26010218	4	0	0			0
500	84	cg09798888	12	0	0			0
500	85	cg08954277	4	0	0			0
500	86	cg14715697	17	0	0			0
500	87	cg17233090	5	0	0			0
500	88	cg05940691	1	0	0			0
500	89	cg07248223	17	0	0			0
500	90	cg22425474	6	0	0	rs28728929	rs28728930	1
500	91	cg27071152	7	0	0	rs4723885		1
500	92	cg07162000	10	0	0		rs79425528	1
500	93	cg02025737	15	0	0			0
500	94	cg00931644	13	0	0			0
500	95	cg18924324	6	0	0		rs76039645	1
500	96	cg02486253	17	0	0			0
500	97	cg22399133	2	0	0			0
500	98	cg14931854	6	0	0			0
500	99	cg01623261	17	0	0			0
500	100	cg25999637	4	0	0		rs61734674	1
500	101	cg23192683	3	0	0			0
500	102	cg06972969	10	0	0		rs73294045	1
500	103	cg24940967	3	0	0			0
500	104	cg07240413	10	0	0			0
500	105	cg12468255	1	0	0			0
500	106	cg04428071	17	0	0	rs79848634		1
500	107	cg16810279	17	0	0		rs75869548	1
500	108	cg03132824	4	0	0			0
500	109	cg17627629	5	0	0			0
500	110	cg23398076	2	0	0			0
500	111	cg25066665	1	0	0			0
500	112	cg07041999	8	0	0	rs35132580		1
500	113	cg02261899	X	1	0			0
500	114	cg11526413	15	0	0			0
500	115	cg02837536	1	0	0			0
500	116	cg10928544	14	0	0			0
500	117	cg08387538	8	0	0			0
500	118	cg26010734	19	0	0			0
500	119	cg23211949	6	0	0		rs73351010	1
500	120	cg18450582	7	0	0			0
500	121	cg04769798	16	0	0			0
500	122	cg02253760	3	0	0			0
500	123	cg08123444	2	0	0	rs79671850		1
500	124	cg20446334	17	0	0	rs61148130		1
500	125	cg19351954	7	0	0			0
500	126	cg24702147	12	0	0			0
500	127	cg13944468	5	0	0			0
500	128	cg06699564	8	0	0			0
500	129	cg23076870	10	0	0		rs9971339	1
500	130	cg11452329	6	0	0			0
500	131	cg24888257	6	0	0			0
500	132	cg18456523	5	0	0			0
500	133	cg18430555	5	0	0	rs77151049		1
500	134	cg26876834	16	0	0	rs72764891		1
500	135	cg05633523	15	0	0	rs72761618		1
500	136	cg07813142	2	0	0			0
500	137	cg12436377	5	0	0			0
500	138	cg05140257	X	1	0			0
500	139	cg01620164	2	0	0			0
500	140	cg27527630	7	0	0	rs28439342		1
500	141	cg08812108	6	0	0			0
500	142	cg23298862	7	0	0	rs12698235		1
500	143	cg18805164	19	0	0			0
500	144	cg21063722	6	0	0		rs80193484	1
500	145	cg07795766	22	0	0			0
500	146	cg16208084	17	0	0			0
500	147	cg05477457	4	0	0			0
500	148	cg24866923	15	0	0	rs7183817		1
500	149	cg25950625	5	0	0	rs640185		1
500	150	cg22877570	3	0	0			0
500	151	cg18525352	12	0	0			0
500	152	cg16389901	14	0	0			0
500	153	cg08624648	6	0	0			0
500	154	cg04927931	6	0	0	rs80193484		1
500	155	cg02716776	19	0	0			0
500	156	cg06260815	13	0	0			0
500	157	cg27610821	22	0	0			0
500	158	cg03070236	16	0	0			0
500	159	cg15232539	8	0	0		rs28440957	1
500	160	cg02202923	10	0	0	rs7917939		1
500	161	cg23749482	17	0	0			0
500	162	cg18249580	8	0	0			0
500	163	cg20391567	10	0	0		rs79178225	1
500	164	cg05173913	17	0	0			0
500	165	cg03596016	1	0	0			0
500	166	cg24820672	13	0	0			0
500	167	cg13784312	9	0	0			0
500	168	cg23244022	8	0	0	rs76380641		1
500	169	cg19579500	17	0	0	rs75950421		1
500	170	cg18249634	3	0	0			0
500	171	cg23947326	19	0	0			0
500	172	cg14072016	10	0	0			0
500	173	cg08875705	12	0	0	rs11064253		1
500	174	cg03826594	12	0	0			0
500	175	cg11510586	9	0	0			0
500	176	cg26335251	17	0	0			0
500	177	cg26635219	7	0	0			0
500	178	cg04635642	16	0	0			0
500	179	cg01074657	1	0	0			0
500	180	cg09139047	6	0	0	rs17885772	rs11550037	1
500	181	cg13832669	2	0	0			0
500	182	cg03065447	8	0	0			0
500	183	cg11738485	19	0	0	rs35337531		1
500	184	cg12134633	15	0	0			0
500	185	cg10903903	6	0	0			0
500	186	cg00123762	6	0	0			0
500	187	cg16896868	13	0	0			0
500	188	cg25017223	17	0	0			0
500	189	cg00778807	1	0	0			0
500	190	cg14118515	2	0	0			0
500	191	cg20431191	1	0	0			0
500	192	cg25844605	20	0	0			0
500	193	cg25810792	13	0	0			0
500	194	cg09232555	8	0	0			0
500	195	cg27097992	14	0	0	rs76732330		1
500	196	cg00683332	16	0	0			0
500	197	cg14608581	2	0	0			0
500	198	cg01974091	14	0	0			0
500	199	cg16642284	10	0	0			0
500	200	cg25553466	10	0	0			0
500	201	cg14891195	18	0	0			0
500	202	cg15940337	8	0	0			0
500	203	cg16252110	5	0	0	rs10044519		1
500	204	cg08018585	13	0	0			0
500	205	cg14498592	20	0	0			0
500	206	cg14931884	10	0	0	rs7077451		1
500	207	cg24779941	14	0	0			0
500	208	cg19192280	6	0	0			0
500	209	cg21523564	15	0	0			0
500	210	cg26210445	2	0	0			0
500	211	cg11887532	6	0	0			0
500	212	cg16865446	11	0	0	rs1800427		1
500	213	cg15788369	19	0	0			0
500	214	cg14260083	7	0	0			0
500	215	cg24077454	10	0	0			0
500	216	cg25407979	1	0	0			0
500	217	cg22943986	7	0	0			0
500	218	cg19764370	11	0	0	rs78961915		1
500	219	cg19945931	12	0	0			0
500	220	cg10956848	22	0	0			0
500	221	cg21039708	14	0	0			0
500	222	cg13885357	12	0	0			0
500	223	cg17919152	13	0	0			0
500	224	cg26056277	2	0	0	rs77164696	rs11295810	1
500	225	cg02670123	2	0	0			0
500	226	cg12468774	3	0	0			0
500	227	cg06633438	19	0	0			0
500	228	cg12451631	10	0	0			0
500	229	cg12542255	19	0	0			0
500	230	cg04470054	17	0	0			0
500	231	cg13656752	5	0	0	rs3111496		1
500	232	cg12422539	6	0	0			0
500	233	cg21163347	5	0	0			0
500	234	cg11528328	21	0	0			0
500	235	cg03607220	6	0	0		rs28679786	1
500	236	cg10244976	16	0	0			0
500	237	cg05090759	2	0	0			0
500	238	cg02486855	15	0	0			0
500	239	cg22198853	6	0	0			0
500	240	cg22365276	15	0	0			0
500	241	cg12934884	6	0	0			0
500	242	cg04583813	10	0	0			0
500	243	cg24545961	13	0	0		rs78314626	1
500	244	cg17402060	12	0	0	rs2132234		1
500	245	cg13712197	12	0	0	rs11831370		1
500	246	cg07205203	2	0	0			0
500	247	cg12662576	11	0	0			0
500	248	cg06752054	21	0	0			0
500	249	cg06728252	6	0	0			0
500	250	cg05408649	12	0	0			0
500	251	cg09265054	8	0	0		rs45492895	1
500	252	cg19744936	19	0	0			0
500	253	cg14861089	10	0	0			0
500	254	cg22784954	5	0	0			0
500	255	cg00650640	X	1	0			0
500	256	cg01030534	7	0	0			0
500	257	cg17870484	5	0	0	rs72720931		1
500	258	cg07126525	6	0	0			0
500	259	cg13692426	9	0	0			0
500	260	cg01764252	5	0	0			0
500	261	cg17735539	10	0	0			0
500	262	cg06248767	8	0	0			0
500	263	cg22369786	13	0	0			0
500	264	cg05575614	6	0	0			0
500	265	cg22992730	19	0	0			0
500	266	cg11367259	8	0	0			0
500	267	cg24595510	20	0	0			0
500	268	cg05224741	6	0	0			0
500	269	cg04921315	16	0	0			0
500	270	cg04039555	X	1	0			0
500	271	cg14644001	6	0	0			0
500	272	cg13248778	7	0	0			0
500	273	cg25900085	8	0	0			0
500	274	cg08866991	17	0	0			0
500	275	cg17924044	5	0	0	rs4489071		1
500	276	cg23460250	7	0	0			0
500	277	cg22084642	3	0	0			0
500	278	cg09450200	7	0	0			0
500	279	cg19362874	6	0	0			0
500	280	cg08070771	3	0	0			0
500	281	cg05968010	1	0	0	rs3834035		1
500	282	cg02246055	16	0	0			0
500	283	cg07585069	17	0	0			0
500	284	cg15673034	18	0	0			0
500	285	cg25718467	15	0	0			0
500	286	cg17219660	1	0	0			0
500	287	cg03686593	18	0	0			0
500	288	cg14684457	7	0	0			0
500	289	cg02535674	20	0	0			0
500	290	cg16047279	17	0	0		rs73293429	1
500	291	cg26055747	7	0	0	rs79162457		1
500	292	cg14716990	10	0	0			0
500	293	cg12593511	1	0	0			0
500	294	cg13125157	17	0	0			0
500	295	cg14204784	9	0	0			0
500	296	cg24496841	7	0	0			0
500	297	cg21322654	7	0	0			0
500	298	cg26402417	11	0	0		rs76121051	1
500	299	cg11395414	19	0	0		rs35860951	1
500	300	cg14166701	14	0	0			0
500	301	cg10810394	19	0	0			0
500	302	cg14089881	1	0	0			0
500	303	cg16179938	18	0	0			0
500	304	cg27576485	17	0	0			0
500	305	cg06041067	7	0	0			0
500	306	cg11934688	3	0	0			0
500	307	cg10767420	2	0	0			0
500	308	cg24452128	6	0	0			0
500	309	cg25968569	13	0	0			0
500	310	cg07681935	4	0	0			0
500	311	cg08304084	16	0	0			0
500	312	cg11041161	8	0	0	rs7826731		1
500	313	cg07778290	12	0	0			0
500	314	cg26937434	16	0	0			0
500	315	cg23097686	12	0	0			0
500	316	cg08609270	X	1	0	rs7053492		1
500	317	cg01227537	3	0	0			0
500	318	cg20151476	7	0	0			0
500	319	cg18121003	11	0	0			0
500	320	cg26107890	3	0	0			0
500	321	cg08539872	10	0	0			0
500	322	cg06833110	2	0	0			0
500	323	cg09094964	12	0	0	rs2429177		1
500	324	cg01288184	18	0	0			0
500	325	cg20916523	3	0	0			0
500	326	cg01316378	10	0	0			0
500	327	cg24000814	3	0	0			0
500	328	cg25570913	13	0	0			0
500	329	cg07676361	16	0	0			0
500	330	cg17949969	4	0	0			0
500	331	cg18586886	6	0	0			0
500	332	cg02632490	10	0	0	rs10887569		1
500	333	cg06888746	10	0	0			0
500	334	cg08866780	21	0	0			0
500	335	cg21101720	17	0	0			0
500	336	cg27664085	15	0	0			0
500	337	cg08781140	17	0	0			0
500	338	cg03149565	4	0	0			0
500	339	cg05955675	16	0	0			0
500	340	cg19220719	10	0	0			0
500	341	cg06889571	10	0	0			0
500	342	cg16207110	17	0	0			0
500	343	cg00076195	5	0	0			0
500	344	cg18363918	19	0	0			0
500	345	cg08880849	17	0	0			0
500	346	cg13181974	15	0	0			0
500	347	cg18286501	10	0	0			0
500	348	cg00722320	15	0	0	rs12903401		1
500	349	cg10400707	1	0	0		rs34049652	1
500	350	cg20399616	12	0	0			0
500	351	cg10909185	11	0	0			0
500	352	cg22731271	2	0	0			0
500	353	cg08128087	1	0	0	rs7549943		1
500	354	cg03014326	18	0	0			0
500	355	cg07861448	8	0	0	rs979449		1
500	356	cg09170112	12	0	0			0
500	357	cg23541975	17	0	0			0
500	358	cg00347757	13	0	0			0
500	359	cg27267227	16	0	0			0
500	360	cg01738022	16	0	0			0
500	361	cg07045089	1	0	0			0
500	362	cg10439246	6	0	0			0
500	363	cg15975806	13	0	0			0
500	364	cg21026830	14	0	0			0
500	365	cg22958090	12	0	0			0
500	366	cg13390867	9	0	0			0
500	367	cg14482569	11	0	0			0
500	368	cg05369857	14	0	0			0
500	369	cg26351479	X	1	0			0
500	370	cg16871561	12	0	0			0
500	371	cg12600174	7	0	0			0
500	372	cg05857999	6	0	0			0
500	373	cg17509039	12	0	0	rs4883475		1
500	374	cg16100845	8	0	0			0
500	375	cg19308375	2	0	0			0
500	376	cg11638117	X	1	0			0
500	377	cg21215550	9	0	0			0
500	378	cg12336777	2	0	0			0
500	379	cg06463958	6	0	0			0
500	380	cg01893212	7	0	0			0
500	381	cg14780632	11	0	0			0
500	382	cg16786640	4	0	0			0
500	383	cg15871766	12	0	0	rs74094863		1
500	384	cg15792134	6	0	0			0
500	385	cg27555582	12	0	0			0
500	386	cg13453904	10	0	0			0
500	387	cg09451427	3	0	0	rs74532054		1
500	388	cg26783057	10	0	0	rs74159040		1
500	389	cg03356595	16	0	0			0
500	390	cg19467964	17	0	0			0
500	391	cg25538415	17	0	0			0
500	392	cg08887400	6	0	0			0
500	393	cg16616514	4	0	0	rs6446490		1
500	394	cg12060422	10	0	0			0
500	395	cg08822602	6	0	0			0
500	396	cg22348992	20	0	0			0
500	397	cg04246763	1	0	0			0
500	398	cg11733272	3	0	0			0
500	399	cg24033633	3	0	0			0
500	400	cg01207684	16	0	0			0
500	401	cg23179456	14	0	0			0
500	402	cg25284397	7	0	0			0
500	403	cg18576957	6	0	0			0
500	404	cg25885280	11	0	0			0
500	405	cg14120049	19	0	0			0
500	406	cg17526573	2	0	0	rs3732049		1
500	407	cg04970570	5	0	0			0
500	408	cg26465389	10	0	0	rs34602863		1
500	409	cg22723502	6	0	0			0
500	410	cg24441810	2	0	0			0
500	411	cg12526923	19	0	0			0
500	412	cg19414598	22	0	0			0
500	413	cg14825735	6	0	0			0
500	414	cg23010538	1	0	0	rs74130790		1
500	415	cg07281370	11	0	0			0
500	416	cg18747742	6	0	0			0
500	417	cg04387835	17	0	0			0
500	418	cg14972210	10	0	0			0
500	419	cg25824828	22	0	0			0
500	420	cg14197503	10	0	0			0
500	421	cg06500727	2	0	0	rs2071402		1
500	422	cg08135406	3	0	0	rs36057406		1
500	423	cg17187762	22	0	0			0
500	424	cg21983484	X	1	0			0
500	425	cg10665891	12	0	0			0
500	426	cg14979301	5	0	0			0
500	427	cg08782022	16	0	0		rs74529238	1
500	428	cg18567924	15	0	0			0
500	429	cg13995599	13	0	0			0
500	430	cg08901662	2	0	0			0
500	431	cg10967023	12	0	0			0
500	432	cg23238315	7	0	0			0
500	433	cg17472800	5	0	0	rs2526151		1
500	434	cg02734505	12	0	0			0
500	435	cg24504927	12	0	0			0
500	436	cg13495205	1	0	0			0
500	437	cg12515659	5	0	0			0
500	438	cg08474164	2	0	0			0
500	439	cg13356896	2	0	0			0
500	440	cg10326726	10	0	0		rs10993994	1
500	441	cg14699728	11	0	0			0
500	442	cg23807071	7	0	0			0
500	443	cg13800209	15	0	0			0
500	444	cg18782604	6	0	0			0
500	445	cg19619405	12	0	0	rs275603	rs71455455	1
500	446	cg21049501	17	0	0			0
500	447	cg09543819	6	0	0			0
500	448	cg10304637	6	0	0			0
500	449	cg11104088	10	0	0	rs78092115		1
500	450	cg24810735	8	0	0			0
500	451	cg00912746	1	0	0	rs80026807		1
500	452	cg06436185	7	0	0			0
500	453	cg18438793	1	0	0			0
500	454	cg08141395	11	0	0			0
500	455	cg12387154	6	0	0			0
500	456	cg11146691	12	0	0			0
500	457	cg09287864	7	0	0			0
500	458	cg16620382	6	0	0			0
500	459	cg24368848	19	0	0	rs78500470		1
500	460	cg26924392	17	0	0			0
500	461	cg02583618	16	0	0	rs77527898		1
500	462	cg14040131	9	0	0			0
500	463	cg09238049	16	0	0			0
500	464	cg26328335	12	0	0			0
500	465	cg05127821	10	0	0			0
500	466	cg14766621	2	0	0			0
500	467	cg14018024	9	0	0			0
500	468	cg03532030	2	0	0			0
500	469	cg03514404	7	0	0	rs10952570		1
500	470	cg15577272	7	0	0			0
500	471	cg20141578	12	0	0			0
500	472	cg25916282	2	0	0			0
500	473	cg23739746	13	0	0			0
500	474	cg20341504	2	0	0			0
500	475	cg19758173	10	0	0		rs74571726	1
500	476	cg10294939	10	0	0			0
500	477	cg05529816	17	0	0			0
500	478	cg20286956	1	0	0			0
500	479	cg00011616	17	0	0			0
500	480	cg18096251	5	0	0			0
500	481	cg13279926	7	0	0			0
500	482	cg17029019	17	0	0			0
500	483	cg16440561	2	0	0			0
500	484	cg12222949	1	0	0			0
500	485	cg07141605	12	0	0			0
500	486	cg22914338	19	0	0			0
500	487	cg03232056	7	0	0			0
500	488	cg03502002	18	0	0			0
500	489	cg02582848	1	0	0			0
500	490	cg16316624	11	0	0			0
500	491	cg25225379	8	0	0			0
500	492	cg24922129	11	0	0			0
500	493	cg22848598	8	0	0			0
500	494	cg18700133	17	0	0		rs76606011	1
500	495	cg18141400	14	0	0			0
500	496	cg17504394	17	0	0	rs76536498		1
500	497	cg04004158	16	0	0	rs35994231		1
500	498	cg07110405	11	0	0			0
500	499	cg25334934	2	0	0			0
500	500	cg05833351	10	0	0			0
1000	1	cg23057992	2	0	0			0
1000	2	cg16602369	5	0	0			0
1000	3	cg23091104	X	1	0			0
1000	4	cg04571941	7	0	0			0
1000	5	cg10554839	10	0	0			0
1000	6	cg11717189	11	0	0			0
1000	7	cg18703601	3	0	0			0
1000	8	cg21577651	17	0	0			0
1000	9	cg03990436	2	0	0			0
1000	10	cg07129523	5	0	0			0
1000	11	cg22621695	12	0	0			0
1000	12	cg01263942	10	0	0			0
1000	13	cg13294849	3	0	0			0
1000	14	cg12911732	1	0	0			0
1000	15	cg14696311	13	0	0			0
1000	16	cg10416814	13	0	0			0
1000	17	cg06315390	22	0	0			0
1000	18	cg09068128	5	0	0			0
1000	19	cg25105522	17	0	0			0
1000	20	cg08599635	16	0	0			0
1000	21	cg12019614	19	0	0			0
1000	22	cg06223834	16	0	0			0
1000	23	cg01774894	17	0	0	rs17704996		1
1000	24	cg17754510	6	0	0	rs578856		1
1000	25	cg20100745	8	0	0			0
1000	26	cg11630939	17	0	0			0
1000	27	cg26014538	3	0	0			0
1000	28	cg17375167	15	0	0			0
1000	29	cg27260772	6	0	0			0
1000	30	cg19980771	6	0	0	rs3806971		1
1000	31	cg01246520	17	0	0	rs12942059		1
1000	32	cg20545544	12	0	0			0
1000	33	cg25731211	17	0	0		rs7406347	1
1000	34	cg05651243	11	0	0			0
1000	35	cg26864905	6	0	0			0
1000	36	cg21887193	7	0	0			0
1000	37	cg12680131	2	0	0	rs2071402		1
1000	38	cg00660167	17	0	0			0
1000	39	cg22169990	7	0	0	rs11769922		1
1000	40	cg02027945	11	0	0			0
1000	41	cg00428457	2	0	0			0
1000	42	cg01680010	7	0	0			0
1000	43	cg00768487	1	0	0			0
1000	44	cg12014181	10	0	0			0
1000	45	cg13641185	6	0	0			0
1000	46	cg03692651	19	0	0			0
1000	47	cg15425541	14	0	0			0
1000	48	cg00907288	3	0	0			0
1000	49	cg16647921	4	0	0	rs11945560		1
1000	50	cg24816460	6	0	0			0
1000	51	cg26858540	19	0	0	rs74406635	rs72218109	1
1000	52	cg27592331	18	0	0			0
1000	53	cg01682111	16	0	0			0
1000	54	cg10501210	1	0	0	rs61821292		1
1000	55	cg20928945	7	0	0	rs3808343	rs10228782	1
1000	56	cg12619262	7	0	0			0
1000	57	cg14769786	17	0	0	rs12103650		1
1000	58	cg11862144	18	0	0			0
1000	59	cg13879483	12	0	0			0
1000	60	cg12072262	10	0	0			0
1000	61	cg02772121	6	0	0	rs2517625		1
1000	62	cg22740796	10	0	0		rs35346965	1
1000	63	cg24150623	11	0	0			0
1000	64	cg27091865	2	0	0			0
1000	65	cg19486070	7	0	0			0
1000	66	cg15497761	1	0	0			0
1000	67	cg02048922	8	0	0			0
1000	68	cg14262681	20	0	0			0
1000	69	cg21428990	7	0	0			0
1000	70	cg06879394	6	0	0		rs3830717	1
1000	71	cg14500486	6	0	0	rs2932988		1
1000	72	cg22986569	5	0	0			0
1000	73	cg03274456	11	0	0			0
1000	74	cg04737131	7	0	0			0
1000	75	cg01965874	1	0	0			0
1000	76	cg08360726	19	0	0			0
1000	77	cg23709617	10	0	0			0
1000	78	cg19022006	18	0	0		rs57171297	1
1000	79	cg17945789	2	0	0			0
1000	80	cg27436995	16	0	0			0
1000	81	cg18121066	17	0	0			0
1000	82	cg11837293	20	0	0			0
1000	83	cg26010218	4	0	0			0
1000	84	cg09798888	12	0	0			0
1000	85	cg08954277	4	0	0			0
1000	86	cg14715697	17	0	0			0
1000	87	cg17233090	5	0	0			0
1000	88	cg05940691	1	0	0			0
1000	89	cg07248223	17	0	0			0
1000	90	cg22425474	6	0	0	rs28728929	rs28728930	1
1000	91	cg27071152	7	0	0	rs4723885		1
1000	92	cg07162000	10	0	0		rs79425528	1
1000	93	cg02025737	15	0	0			0
1000	94	cg00931644	13	0	0			0
1000	95	cg18924324	6	0	0		rs76039645	1
1000	96	cg02486253	17	0	0			0
1000	97	cg22399133	2	0	0			0
1000	98	cg14931854	6	0	0			0
1000	99	cg01623261	17	0	0			0
1000	100	cg25999637	4	0	0		rs61734674	1
1000	101	cg23192683	3	0	0			0
1000	102	cg06972969	10	0	0		rs73294045	1
1000	103	cg24940967	3	0	0			0
1000	104	cg07240413	10	0	0			0
1000	105	cg12468255	1	0	0			0
1000	106	cg04428071	17	0	0	rs79848634		1
1000	107	cg16810279	17	0	0		rs75869548	1
1000	108	cg03132824	4	0	0			0
1000	109	cg17627629	5	0	0			0
1000	110	cg23398076	2	0	0			0
1000	111	cg25066665	1	0	0			0
1000	112	cg07041999	8	0	0	rs35132580		1
1000	113	cg02261899	X	1	0			0
1000	114	cg11526413	15	0	0			0
1000	115	cg02837536	1	0	0			0
1000	116	cg10928544	14	0	0			0
1000	117	cg08387538	8	0	0			0
1000	118	cg26010734	19	0	0			0
1000	119	cg23211949	6	0	0		rs73351010	1
1000	120	cg18450582	7	0	0			0
1000	121	cg04769798	16	0	0			0
1000	122	cg02253760	3	0	0			0
1000	123	cg08123444	2	0	0	rs79671850		1
1000	124	cg20446334	17	0	0	rs61148130		1
1000	125	cg19351954	7	0	0			0
1000	126	cg24702147	12	0	0			0
1000	127	cg13944468	5	0	0			0
1000	128	cg06699564	8	0	0			0
1000	129	cg23076870	10	0	0		rs9971339	1
1000	130	cg11452329	6	0	0			0
1000	131	cg24888257	6	0	0			0
1000	132	cg18456523	5	0	0			0
1000	133	cg18430555	5	0	0	rs77151049		1
1000	134	cg26876834	16	0	0	rs72764891		1
1000	135	cg05633523	15	0	0	rs72761618		1
1000	136	cg07813142	2	0	0			0
1000	137	cg12436377	5	0	0			0
1000	138	cg05140257	X	1	0			0
1000	139	cg01620164	2	0	0			0
1000	140	cg27527630	7	0	0	rs28439342		1
1000	141	cg08812108	6	0	0			0
1000	142	cg23298862	7	0	0	rs12698235		1
1000	143	cg18805164	19	0	0			0
1000	144	cg21063722	6	0	0		rs80193484	1
1000	145	cg07795766	22	0	0			0
1000	146	cg16208084	17	0	0			0
1000	147	cg05477457	4	0	0			0
1000	148	cg24866923	15	0	0	rs7183817		1
1000	149	cg25950625	5	0	0	rs640185		1
1000	150	cg22877570	3	0	0			0
1000	151	cg18525352	12	0	0			0
1000	152	cg16389901	14	0	0			0
1000	153	cg08624648	6	0	0			0
1000	154	cg04927931	6	0	0	rs80193484		1
1000	155	cg02716776	19	0	0			0
1000	156	cg06260815	13	0	0			0
1000	157	cg27610821	22	0	0			0
1000	158	cg03070236	16	0	0			0
1000	159	cg15232539	8	0	0		rs28440957	1
1000	160	cg02202923	10	0	0	rs7917939		1
1000	161	cg23749482	17	0	0			0
1000	162	cg18249580	8	0	0			0
1000	163	cg20391567	10	0	0		rs79178225	1
1000	164	cg05173913	17	0	0			0
1000	165	cg03596016	1	0	0			0
1000	166	cg24820672	13	0	0			0
1000	167	cg13784312	9	0	0			0
1000	168	cg23244022	8	0	0	rs76380641		1
1000	169	cg19579500	17	0	0	rs75950421		1
1000	170	cg18249634	3	0	0			0
1000	171	cg23947326	19	0	0			0
1000	172	cg14072016	10	0	0			0
1000	173	cg08875705	12	0	0	rs11064253		1
1000	174	cg03826594	12	0	0			0
1000	175	cg11510586	9	0	0			0
1000	176	cg26335251	17	0	0			0
1000	177	cg26635219	7	0	0			0
1000	178	cg04635642	16	0	0			0
1000	179	cg01074657	1	0	0			0
1000	180	cg09139047	6	0	0	rs17885772	rs11550037	1
1000	181	cg13832669	2	0	0			0
1000	182	cg03065447	8	0	0			0
1000	183	cg11738485	19	0	0	rs35337531		1
1000	184	cg12134633	15	0	0			0
1000	185	cg10903903	6	0	0			0
1000	186	cg00123762	6	0	0			0
1000	187	cg16896868	13	0	0			0
1000	188	cg25017223	17	0	0			0
1000	189	cg00778807	1	0	0			0
1000	190	cg14118515	2	0	0			0
1000	191	cg20431191	1	0	0			0
1000	192	cg25844605	20	0	0			0
1000	193	cg25810792	13	0	0			0
1000	194	cg09232555	8	0	0			0
1000	195	cg27097992	14	0	0	rs76732330		1
1000	196	cg00683332	16	0	0			0
1000	197	cg14608581	2	0	0			0
1000	198	cg01974091	14	0	0			0
1000	199	cg16642284	10	0	0			0
1000	200	cg25553466	10	0	0			0
1000	201	cg14891195	18	0	0			0
1000	202	cg15940337	8	0	0			0
1000	203	cg16252110	5	0	0	rs10044519		1
1000	204	cg08018585	13	0	0			0
1000	205	cg14498592	20	0	0			0
1000	206	cg14931884	10	0	0	rs7077451		1
1000	207	cg24779941	14	0	0			0
1000	208	cg19192280	6	0	0			0
1000	209	cg21523564	15	0	0			0
1000	210	cg26210445	2	0	0			0
1000	211	cg11887532	6	0	0			0
1000	212	cg16865446	11	0	0	rs1800427		1
1000	213	cg15788369	19	0	0			0
1000	214	cg14260083	7	0	0			0
1000	215	cg24077454	10	0	0			0
1000	216	cg25407979	1	0	0			0
1000	217	cg22943986	7	0	0			0
1000	218	cg19764370	11	0	0	rs78961915		1
1000	219	cg19945931	12	0	0			0
1000	220	cg10956848	22	0	0			0
1000	221	cg21039708	14	0	0			0
1000	222	cg13885357	12	0	0			0
1000	223	cg17919152	13	0	0			0
1000	224	cg26056277	2	0	0	rs77164696	rs11295810	1
1000	225	cg02670123	2	0	0			0
1000	226	cg12468774	3	0	0			0
1000	227	cg06633438	19	0	0			0
1000	228	cg12451631	10	0	0			0
1000	229	cg12542255	19	0	0			0
1000	230	cg04470054	17	0	0			0
1000	231	cg13656752	5	0	0	rs3111496		1
1000	232	cg12422539	6	0	0			0
1000	233	cg21163347	5	0	0			0
1000	234	cg11528328	21	0	0			0
1000	235	cg03607220	6	0	0		rs28679786	1
1000	236	cg10244976	16	0	0			0
1000	237	cg05090759	2	0	0			0
1000	238	cg02486855	15	0	0			0
1000	239	cg22198853	6	0	0			0
1000	240	cg22365276	15	0	0			0
1000	241	cg12934884	6	0	0			0
1000	242	cg04583813	10	0	0			0
1000	243	cg24545961	13	0	0		rs78314626	1
1000	244	cg17402060	12	0	0	rs2132234		1
1000	245	cg13712197	12	0	0	rs11831370		1
1000	246	cg07205203	2	0	0			0
1000	247	cg12662576	11	0	0			0
1000	248	cg06752054	21	0	0			0
1000	249	cg06728252	6	0	0			0
1000	250	cg05408649	12	0	0			0
1000	251	cg09265054	8	0	0		rs45492895	1
1000	252	cg19744936	19	0	0			0
1000	253	cg14861089	10	0	0			0
1000	254	cg22784954	5	0	0			0
1000	255	cg00650640	X	1	0			0
1000	256	cg01030534	7	0	0			0
1000	257	cg17870484	5	0	0	rs72720931		1
1000	258	cg07126525	6	0	0			0
1000	259	cg13692426	9	0	0			0
1000	260	cg01764252	5	0	0			0
1000	261	cg17735539	10	0	0			0
1000	262	cg06248767	8	0	0			0
1000	263	cg22369786	13	0	0			0
1000	264	cg05575614	6	0	0			0
1000	265	cg22992730	19	0	0			0
1000	266	cg11367259	8	0	0			0
1000	267	cg24595510	20	0	0			0
1000	268	cg05224741	6	0	0			0
1000	269	cg04921315	16	0	0			0
1000	270	cg04039555	X	1	0			0
1000	271	cg14644001	6	0	0			0
1000	272	cg13248778	7	0	0			0
1000	273	cg25900085	8	0	0			0
1000	274	cg08866991	17	0	0			0
1000	275	cg17924044	5	0	0	rs4489071		1
1000	276	cg23460250	7	0	0			0
1000	277	cg22084642	3	0	0			0
1000	278	cg09450200	7	0	0			0
1000	279	cg19362874	6	0	0			0
1000	280	cg08070771	3	0	0			0
1000	281	cg05968010	1	0	0	rs3834035		1
1000	282	cg02246055	16	0	0			0
1000	283	cg07585069	17	0	0			0
1000	284	cg15673034	18	0	0			0
1000	285	cg25718467	15	0	0			0
1000	286	cg17219660	1	0	0			0
1000	287	cg03686593	18	0	0			0
1000	288	cg14684457	7	0	0			0
1000	289	cg02535674	20	0	0			0
1000	290	cg16047279	17	0	0		rs73293429	1
1000	291	cg26055747	7	0	0	rs79162457		1
1000	292	cg14716990	10	0	0			0
1000	293	cg12593511	1	0	0			0
1000	294	cg13125157	17	0	0			0
1000	295	cg14204784	9	0	0			0
1000	296	cg24496841	7	0	0			0
1000	297	cg21322654	7	0	0			0
1000	298	cg26402417	11	0	0		rs76121051	1
1000	299	cg11395414	19	0	0		rs35860951	1
1000	300	cg14166701	14	0	0			0
1000	301	cg10810394	19	0	0			0
1000	302	cg14089881	1	0	0			0
1000	303	cg16179938	18	0	0			0
1000	304	cg27576485	17	0	0			0
1000	305	cg06041067	7	0	0			0
1000	306	cg11934688	3	0	0			0
1000	307	cg10767420	2	0	0			0
1000	308	cg24452128	6	0	0			0
1000	309	cg25968569	13	0	0			0
1000	310	cg07681935	4	0	0			0
1000	311	cg08304084	16	0	0			0
1000	312	cg11041161	8	0	0	rs7826731		1
1000	313	cg07778290	12	0	0			0
1000	314	cg26937434	16	0	0			0
1000	315	cg23097686	12	0	0			0
1000	316	cg08609270	X	1	0	rs7053492		1
1000	317	cg01227537	3	0	0			0
1000	318	cg20151476	7	0	0			0
1000	319	cg18121003	11	0	0			0
1000	320	cg26107890	3	0	0			0
1000	321	cg08539872	10	0	0			0
1000	322	cg06833110	2	0	0			0
1000	323	cg09094964	12	0	0	rs2429177		1
1000	324	cg01288184	18	0	0			0
1000	325	cg20916523	3	0	0			0
1000	326	cg01316378	10	0	0			0
1000	327	cg24000814	3	0	0			0
1000	328	cg25570913	13	0	0			0
1000	329	cg07676361	16	0	0			0
1000	330	cg17949969	4	0	0			0
1000	331	cg18586886	6	0	0			0
1000	332	cg02632490	10	0	0	rs10887569		1
1000	333	cg06888746	10	0	0			0
1000	334	cg08866780	21	0	0			0
1000	335	cg21101720	17	0	0			0
1000	336	cg27664085	15	0	0			0
1000	337	cg08781140	17	0	0			0
1000	338	cg03149565	4	0	0			0
1000	339	cg05955675	16	0	0			0
1000	340	cg19220719	10	0	0			0
1000	341	cg06889571	10	0	0			0
1000	342	cg16207110	17	0	0			0
1000	343	cg00076195	5	0	0			0
1000	344	cg18363918	19	0	0			0
1000	345	cg08880849	17	0	0			0
1000	346	cg13181974	15	0	0			0
1000	347	cg18286501	10	0	0			0
1000	348	cg00722320	15	0	0	rs12903401		1
1000	349	cg10400707	1	0	0		rs34049652	1
1000	350	cg20399616	12	0	0			0
1000	351	cg10909185	11	0	0			0
1000	352	cg22731271	2	0	0			0
1000	353	cg08128087	1	0	0	rs7549943		1
1000	354	cg03014326	18	0	0			0
1000	355	cg07861448	8	0	0	rs979449		1
1000	356	cg09170112	12	0	0			0
1000	357	cg23541975	17	0	0			0
1000	358	cg00347757	13	0	0			0
1000	359	cg27267227	16	0	0			0
1000	360	cg01738022	16	0	0			0
1000	361	cg07045089	1	0	0			0
1000	362	cg10439246	6	0	0			0
1000	363	cg15975806	13	0	0			0
1000	364	cg21026830	14	0	0			0
1000	365	cg22958090	12	0	0			0
1000	366	cg13390867	9	0	0			0
1000	367	cg14482569	11	0	0			0
1000	368	cg05369857	14	0	0			0
1000	369	cg26351479	X	1	0			0
1000	370	cg16871561	12	0	0			0
1000	371	cg12600174	7	0	0			0
1000	372	cg05857999	6	0	0			0
1000	373	cg17509039	12	0	0	rs4883475		1
1000	374	cg16100845	8	0	0			0
1000	375	cg19308375	2	0	0			0
1000	376	cg11638117	X	1	0			0
1000	377	cg21215550	9	0	0			0
1000	378	cg12336777	2	0	0			0
1000	379	cg06463958	6	0	0			0
1000	380	cg01893212	7	0	0			0
1000	381	cg14780632	11	0	0			0
1000	382	cg16786640	4	0	0			0
1000	383	cg15871766	12	0	0	rs74094863		1
1000	384	cg15792134	6	0	0			0
1000	385	cg27555582	12	0	0			0
1000	386	cg13453904	10	0	0			0
1000	387	cg09451427	3	0	0	rs74532054		1
1000	388	cg26783057	10	0	0	rs74159040		1
1000	389	cg03356595	16	0	0			0
1000	390	cg19467964	17	0	0			0
1000	391	cg25538415	17	0	0			0
1000	392	cg08887400	6	0	0			0
1000	393	cg16616514	4	0	0	rs6446490		1
1000	394	cg12060422	10	0	0			0
1000	395	cg08822602	6	0	0			0
1000	396	cg22348992	20	0	0			0
1000	397	cg04246763	1	0	0			0
1000	398	cg11733272	3	0	0			0
1000	399	cg24033633	3	0	0			0
1000	400	cg01207684	16	0	0			0
1000	401	cg23179456	14	0	0			0
1000	402	cg25284397	7	0	0			0
1000	403	cg18576957	6	0	0			0
1000	404	cg25885280	11	0	0			0
1000	405	cg14120049	19	0	0			0
1000	406	cg17526573	2	0	0	rs3732049		1
1000	407	cg04970570	5	0	0			0
1000	408	cg26465389	10	0	0	rs34602863		1
1000	409	cg22723502	6	0	0			0
1000	410	cg24441810	2	0	0			0
1000	411	cg12526923	19	0	0			0
1000	412	cg19414598	22	0	0			0
1000	413	cg14825735	6	0	0			0
1000	414	cg23010538	1	0	0	rs74130790		1
1000	415	cg07281370	11	0	0			0
1000	416	cg18747742	6	0	0			0
1000	417	cg04387835	17	0	0			0
1000	418	cg14972210	10	0	0			0
1000	419	cg25824828	22	0	0			0
1000	420	cg14197503	10	0	0			0
1000	421	cg06500727	2	0	0	rs2071402		1
1000	422	cg08135406	3	0	0	rs36057406		1
1000	423	cg17187762	22	0	0			0
1000	424	cg21983484	X	1	0			0
1000	425	cg10665891	12	0	0			0
1000	426	cg14979301	5	0	0			0
1000	427	cg08782022	16	0	0		rs74529238	1
1000	428	cg18567924	15	0	0			0
1000	429	cg13995599	13	0	0			0
1000	430	cg08901662	2	0	0			0
1000	431	cg10967023	12	0	0			0
1000	432	cg23238315	7	0	0			0
1000	433	cg17472800	5	0	0	rs2526151		1
1000	434	cg02734505	12	0	0			0
1000	435	cg24504927	12	0	0			0
1000	436	cg13495205	1	0	0			0
1000	437	cg12515659	5	0	0			0
1000	438	cg08474164	2	0	0			0
1000	439	cg13356896	2	0	0			0
1000	440	cg10326726	10	0	0		rs10993994	1
1000	441	cg14699728	11	0	0			0
1000	442	cg23807071	7	0	0			0
1000	443	cg13800209	15	0	0			0
1000	444	cg18782604	6	0	0			0
1000	445	cg19619405	12	0	0	rs275603	rs71455455	1
1000	446	cg21049501	17	0	0			0
1000	447	cg10294939	10	0	0			0
1000	448	cg09543819	6	0	0			0
1000	449	cg10304637	6	0	0			0
1000	450	cg14766621	2	0	0			0
1000	451	cg14018024	9	0	0			0
1000	452	cg11104088	10	0	0	rs78092115		1
1000	453	cg24810735	8	0	0			0
1000	454	cg03532030	2	0	0			0
1000	455	cg00912746	1	0	0	rs80026807		1
1000	456	cg03514404	7	0	0	rs10952570		1
1000	457	cg06436185	7	0	0			0
1000	458	cg18438793	1	0	0			0
1000	459	cg08141395	11	0	0			0
1000	460	cg12387154	6	0	0			0
1000	461	cg11146691	12	0	0			0
1000	462	cg09287864	7	0	0			0
1000	463	cg16620382	6	0	0			0
1000	464	cg24368848	19	0	0	rs78500470		1
1000	465	cg26924392	17	0	0			0
1000	466	cg02583618	16	0	0	rs77527898		1
1000	467	cg14040131	9	0	0			0
1000	468	cg09238049	16	0	0			0
1000	469	cg15577272	7	0	0			0
1000	470	cg26328335	12	0	0			0
1000	471	cg05127821	10	0	0			0
1000	472	cg20141578	12	0	0			0
1000	473	cg13279926	7	0	0			0
1000	474	cg18096251	5	0	0			0
1000	475	cg23739746	13	0	0			0
1000	476	cg25916282	2	0	0			0
1000	477	cg17029019	17	0	0			0
1000	478	cg16440561	2	0	0			0
1000	479	cg05529816	17	0	0			0
1000	480	cg20341504	2	0	0			0
1000	481	cg22914338	19	0	0			0
1000	482	cg19758173	10	0	0		rs74571726	1
1000	483	cg03232056	7	0	0			0
1000	484	cg07141605	12	0	0			0
1000	485	cg20286956	1	0	0			0
1000	486	cg02582848	1	0	0			0
1000	487	cg18141400	14	0	0			0
1000	488	cg03502002	18	0	0			0
1000	489	cg00011616	17	0	0			0
1000	490	cg12222949	1	0	0			0
1000	491	cg24922129	11	0	0			0
1000	492	cg16316624	11	0	0			0
1000	493	cg25225379	8	0	0			0
1000	494	cg22848598	8	0	0			0
1000	495	cg18700133	17	0	0		rs76606011	1
1000	496	cg25334934	2	0	0			0
1000	497	cg17504394	17	0	0	rs76536498		1
1000	498	cg12749132	1	0	0			0
1000	499	cg11354603	5	0	0			0
1000	500	cg14000361	6	0	0			0
1000	501	cg06061086	6	0	0			0
1000	502	cg07110405	11	0	0			0
1000	503	cg05833351	10	0	0			0
1000	504	cg04004158	16	0	0	rs35994231		1
1000	505	cg04156293	7	0	0			0
1000	506	cg23881926	8	0	0			0
1000	507	cg19537719	8	0	0			0
1000	508	cg20518446	11	0	0			0
1000	509	cg03706175	2	0	0			0
1000	510	cg04131969	2	0	0		rs3217586	1
1000	511	cg23669081	17	0	0	rs1042216	rs62637586	1
1000	512	cg00092518	13	0	0			0
1000	513	cg20884887	7	0	0			0
1000	514	cg05137263	X	1	0			0
1000	515	cg02423318	7	0	0			0
1000	516	cg26212328	12	0	0	rs76909391		1
1000	517	cg15135047	3	0	0			0
1000	518	cg02411937	8	0	0	rs75763577	rs76775005	1
1000	519	cg07458308	5	0	0			0
1000	520	cg25026992	5	0	0			0
1000	521	cg17415265	17	0	0			0
1000	522	cg06398242	2	0	0			0
1000	523	cg14904662	8	0	0			0
1000	524	cg03284308	16	0	0			0
1000	525	cg06419732	1	0	0			0
1000	526	cg26363759	1	0	0			0
1000	527	cg03646916	3	0	0			0
1000	528	cg10286969	16	0	0			0
1000	529	cg07792478	8	0	0			0
1000	530	cg16202259	14	0	0		rs10150792	1
1000	531	cg22550229	18	0	0			0
1000	532	cg21261158	13	0	0			0
1000	533	cg15320905	12	0	0			0
1000	534	cg16683160	1	0	0			0
1000	535	cg16026813	10	0	0			0
1000	536	cg14367020	6	0	0			0
1000	537	cg01543583	14	0	0		rs74924576	1
1000	538	cg12905252	1	0	0			0
1000	539	cg24830730	7	0	0			0
1000	540	cg04703620	5	0	0	rs16870330		1
1000	541	cg04518342	5	0	0			0
1000	542	cg16236270	7	0	0			0
1000	543	cg09780180	16	0	0			0
1000	544	cg11930554	4	0	0			0
1000	545	cg01973676	7	0	0			0
1000	546	cg18177414	7	0	0			0
1000	547	cg15219228	6	0	0			0
1000	548	cg18322569	1	0	0			0
1000	549	cg05306745	17	0	0	rs8179090	rs36099107	1
1000	550	cg13668207	12	0	0			0
1000	551	cg03582419	4	0	0			0
1000	552	cg01610165	5	0	0			0
1000	553	cg09424006	16	0	0		rs56189167	1
1000	554	cg17648080	17	0	0			0
1000	555	cg14672084	5	0	0	rs2530208		1
1000	556	cg26645242	16	0	0			0
1000	557	cg01749491	2	0	0			0
1000	558	cg07222505	5	0	0			0
1000	559	cg17300544	17	0	0			0
1000	560	cg08105834	7	0	0			0
1000	561	cg04988514	19	0	0			0
1000	562	cg14108567	12	0	0			0
1000	563	cg08296680	17	0	0			0
1000	564	cg19602728	4	0	0	rs77734564		1
1000	565	cg04757389	19	0	0			0
1000	566	cg10255237	12	0	0			0
1000	567	cg04302300	X	1	0			0
1000	568	cg15133351	2	0	0			0
1000	569	cg21201401	20	0	0			0
1000	570	cg23401796	8	0	0			0
1000	571	cg23502778	14	0	0			0
1000	572	cg03774803	2	0	0			0
1000	573	cg19966212	5	0	0			0
1000	574	cg13392078	9	0	0			0
1000	575	cg27429080	1	0	0		rs28411002	1
1000	576	cg24258712	8	0	0			0
1000	577	cg21624902	3	0	0			0
1000	578	cg18002126	7	0	0			0
1000	579	cg03475293	6	0	0			0
1000	580	cg05308495	19	0	0			0
1000	581	cg22471726	17	0	0			0
1000	582	cg20693607	3	0	0			0
1000	583	cg13449535	1	0	0			0
1000	584	cg06358671	4	0	0	rs78104477		1
1000	585	cg26800525	13	0	0			0
1000	586	cg00793935	2	0	0			0
1000	587	cg01152056	6	0	0			0
1000	588	cg26354493	19	0	0			0
1000	589	cg16049391	15	0	0			0
1000	590	cg22604316	1	0	0			0
1000	591	cg20480723	17	0	0	rs77747256		1
1000	592	cg21046148	5	0	0			0
1000	593	cg06351537	22	0	0			0
1000	594	cg07455790	6	0	0			0
1000	595	cg13808071	2	0	0			0
1000	596	cg00857907	2	0	0			0
1000	597	cg25788549	7	0	0	rs11769922		1
1000	598	cg21941030	19	0	0			0
1000	599	cg27219841	16	0	0			0
1000	600	cg22747076	12	0	0			0
1000	601	cg18243760	6	0	0			0
1000	602	cg15300436	2	0	0			0
1000	603	cg27196974	17	0	0			0
1000	604	cg14394550	8	0	0			0
1000	605	cg23279522	2	0	0	rs10183293		1
1000	606	cg12089032	8	0	0			0
1000	607	cg10143811	12	0	0			0
1000	608	cg13943068	4	0	0			0
1000	609	cg21394171	3	0	0			0
1000	610	cg16807089	7	0	0			0
1000	611	cg13045134	8	0	0			0
1000	612	cg27363327	6	0	0			0
1000	613	cg10528576	14	0	0			0
1000	614	cg23864180	10	0	0			0
1000	615	cg25528916	19	0	0	rs11882358		1
1000	616	cg08227526	4	0	0			0
1000	617	cg12374721	17	0	0			0
1000	618	cg07970752	16	0	0			0
1000	619	cg18888655	19	0	0			0
1000	620	cg27548075	X	1	0			0
1000	621	cg24833737	8	0	0			0
1000	622	cg14189678	7	0	0			0
1000	623	cg23731272	15	0	0			0
1000	624	cg21017887	14	0	0			0
1000	625	cg21664636	3	0	0			0
1000	626	cg03062944	10	0	0	rs74939166		1
1000	627	cg12466610	1	0	0			0
1000	628	cg05344495	19	0	0			0
1000	629	cg14025053	8	0	0	rs72671356		1
1000	630	cg19730972	14	0	0			0
1000	631	cg16192707	6	0	0			0
1000	632	cg16768697	7	0	0			0
1000	633	cg14010405	1	0	0			0
1000	634	cg17399362	19	0	0			0
1000	635	cg26676468	5	0	0	rs75773248		1
1000	636	cg13634242	5	0	0			0
1000	637	cg10884288	7	0	0			0
1000	638	cg01268824	19	0	0			0
1000	639	cg02090033	3	0	0			0
1000	640	cg21565960	11	0	0			0
1000	641	cg02907150	14	0	0			0
1000	642	cg06385583	2	0	0			0
1000	643	cg08919597	6	0	0			0
1000	644	cg00494919	10	0	0	rs12028		1
1000	645	cg15507690	3	0	0			0
1000	646	cg00817367	12	0	0			0
1000	647	cg13782274	20	0	0			0
1000	648	cg17231999	4	0	0	rs4861148		1
1000	649	cg18465484	19	0	0			0
1000	650	cg09014626	5	0	0			0
1000	651	cg00084338	6	0	0		rs7759322	1
1000	652	cg03311684	10	0	0			0
1000	653	cg19047660	17	0	0			0
1000	654	cg01561304	5	0	0	rs75977787		1
1000	655	cg06509223	13	0	0			0
1000	656	cg17154724	1	0	0			0
1000	657	cg19510206	12	0	0			0
1000	658	cg23663774	4	0	0			0
1000	659	cg19991916	15	0	0			0
1000	660	cg26871372	4	0	0	rs11945560		1
1000	661	cg23913421	6	0	0			0
1000	662	cg26479667	5	0	0			0
1000	663	cg10020892	1	0	0			0
1000	664	cg17794299	20	0	0			0
1000	665	cg19147218	7	0	0	rs4722666		1
1000	666	cg24886257	19	0	0			0
1000	667	cg01573321	8	0	0			0
1000	668	cg26863534	12	0	0			0
1000	669	cg09655403	5	0	0			0
1000	670	cg07811110	12	0	0			0
1000	671	cg07366506	10	0	0			0
1000	672	cg11552829	5	0	0			0
1000	673	cg22287064	17	0	0			0
1000	674	cg16470319	6	0	0	rs73727141		1
1000	675	cg23543318	4	0	0			0
1000	676	cg07570470	8	0	0			0
1000	677	cg18582260	13	0	0			0
1000	678	cg17479716	1	0	0	rs61765073		1
1000	679	cg22473620	19	0	0			0
1000	680	cg07687131	12	0	0			0
1000	681	cg26214747	5	0	0			0
1000	682	cg19880942	8	0	0			0
1000	683	cg09908110	11	0	0			0
1000	684	cg05109049	17	0	0			0
1000	685	cg23497020	12	0	0			0
1000	686	cg10249637	7	0	0			0
1000	687	cg06355129	1	0	0			0
1000	688	cg18537730	19	0	0			0
1000	689	cg14958969	2	0	0			0
1000	690	cg12415687	7	0	0			0
1000	691	cg15928106	7	0	0			0
1000	692	cg16890879	X	1	0			0
1000	693	cg21015470	11	0	0			0
1000	694	cg10210594	1	0	0			0
1000	695	cg07263979	2	0	0			0
1000	696	cg04715503	16	0	0			0
1000	697	cg25650964	13	0	0			0
1000	698	cg22761670	17	0	0			0
1000	699	cg01020475	13	0	0			0
1000	700	cg09990962	1	0	0			0
1000	701	cg24264679	X	1	0			0
1000	702	cg17842821	5	0	0			0
1000	703	cg22719241	19	0	0			0
1000	704	cg24923516	2	0	0			0
1000	705	cg26942432	15	0	0			0
1000	706	cg03791955	15	0	0			0
1000	707	cg13180315	2	0	0			0
1000	708	cg01135464	17	0	0			0
1000	709	cg25463742	1	0	0			0
1000	710	cg06218079	17	0	0			0
1000	711	cg25929664	7	0	0			0
1000	712	cg24960947	11	0	0			0
1000	713	cg23158189	12	0	0			0
1000	714	cg16454852	16	0	0			0
1000	715	cg11660879	19	0	0			0
1000	716	cg17553149	6	0	0	rs80099637		1
1000	717	cg04015962	1	0	0			0
1000	718	cg07068735	15	0	0			0
1000	719	cg17211761	17	0	0		rs58684065	1
1000	720	cg11445797	7	0	0			0
1000	721	cg01307130	10	0	0			0
1000	722	cg21749794	13	0	0	rs9805458		1
1000	723	cg20494374	6	0	0			0
1000	724	cg23697546	12	0	0	rs7308105		1
1000	725	cg01963754	13	0	0			0
1000	726	cg08892613	5	0	0			0
1000	727	cg14802502	5	0	0			0
1000	728	cg12798524	1	0	0	rs2852730		1
1000	729	cg00661970	12	0	0			0
1000	730	cg16665866	16	0	0			0
1000	731	cg00177787	10	0	0			0
1000	732	cg01765111	1	0	0			0
1000	733	cg25950739	X	1	0			0
1000	734	cg10890302	6	0	0	rs56250504		1
1000	735	cg19447962	17	0	0			0
1000	736	cg18499201	17	0	0			0
1000	737	cg27092191	16	0	0			0
1000	738	cg20867963	6	0	0			0
1000	739	cg14278853	6	0	0			0
1000	740	cg19129687	13	0	0	rs77644805		1
1000	741	cg21878746	19	0	0	rs28366059		1
1000	742	cg03984758	4	0	0			0
1000	743	cg08304190	20	0	0	rs77517568		1
1000	744	cg04912712	14	0	0	rs2241129		1
1000	745	cg16959787	13	0	0			0
1000	746	cg21195256	14	0	0			0
1000	747	cg20608783	1	0	0			0
1000	748	cg08879470	11	0	0	rs4074664	rs71469546	1
1000	749	cg10128806	4	0	0			0
1000	750	cg05970721	16	0	0			0
1000	751	cg07532183	8	0	0			0
1000	752	cg10932018	5	0	0	rs6879219		1
1000	753	cg15811515	16	0	0			0
1000	754	cg15384383	10	0	0			0
1000	755	cg06518838	6	0	0			0
1000	756	cg00459623	2	0	0			0
1000	757	cg16560389	10	0	0			0
1000	758	cg15532640	12	0	0			0
1000	759	cg19997502	2	0	0			0
1000	760	cg22221554	X	1	0			0
1000	761	cg03224621	2	0	0			0
1000	762	cg00446123	20	0	0			0
1000	763	cg02925367	6	0	0			0
1000	764	cg18684142	17	0	0			0
1000	765	cg04456219	7	0	0			0
1000	766	cg04111789	6	0	0			0
1000	767	cg01156249	16	0	0			0
1000	768	cg20272979	15	0	0			0
1000	769	cg05328339	7	0	0			0
1000	770	cg12519676	4	0	0			0
1000	771	cg06474225	10	0	0			0
1000	772	cg14831665	X	1	0			0
1000	773	cg20092531	18	0	0			0
1000	774	cg13028819	7	0	0	rs79734919		1
1000	775	cg24145118	10	0	0			0
1000	776	cg13916459	12	0	0			0
1000	777	cg18082788	6	0	0			0
1000	778	cg04650654	6	0	0			0
1000	779	cg03278514	15	0	0			0
1000	780	cg13545212	17	0	0	rs7207927		1
1000	781	cg10708761	2	0	0			0
1000	782	cg00147788	6	0	0			0
1000	783	cg00335591	7	0	0			0
1000	784	cg08578320	6	0	0	rs17882455	rs75044270	1
1000	785	cg13722700	10	0	0		rs3127807	1
1000	786	cg22881914	14	0	0			0
1000	787	cg25888386	10	0	0			0
1000	788	cg21001184	7	0	0	rs3801776		1
1000	789	cg18264486	6	0	0			0
1000	790	cg24631102	10	0	0			0
1000	791	cg01754525	8	0	0			0
1000	792	cg18447772	7	0	0			0
1000	793	cg12539796	5	0	0			0
1000	794	cg00172603	1	0	0			0
1000	795	cg21472506	2	0	0			0
1000	796	cg03953626	6	0	0			0
1000	797	cg10570241	7	0	0	rs2657396		1
1000	798	cg14523847	7	0	0			0
1000	799	cg04798314	1	0	0		rs11436158	1
1000	800	cg27359566	16	0	0			0
1000	801	cg05083852	16	0	0			0
1000	802	cg08732352	7	0	0	rs78696287		1
1000	803	cg24995678	2	0	0			0
1000	804	cg26681770	20	0	0	rs36008751		1
1000	805	cg12105941	11	0	0			0
1000	806	cg22674699	2	0	0			0
1000	807	cg22727783	5	0	0		rs27116	1
1000	808	cg15848890	4	0	0			0
1000	809	cg12204258	3	0	0			0
1000	810	cg27416863	7	0	0	rs6971183		1
1000	811	cg26383138	2	0	0			0
1000	812	cg00839579	7	0	0			0
1000	813	cg09341793	14	0	0			0
1000	814	cg11157172	1	0	0			0
1000	815	cg19053239	2	0	0	rs11899232		1
1000	816	cg06523224	15	0	0			0
1000	817	cg08249424	6	0	0			0
1000	818	cg12500879	11	0	0			0
1000	819	cg03889263	3	0	0		rs35976528	1
1000	820	cg04037038	2	0	0			0
1000	821	cg17516247	1	0	0			0
1000	822	cg18104919	5	0	0			0
1000	823	cg08364561	11	0	0			0
1000	824	cg00253658	16	0	0			0
1000	825	cg19320820	4	0	0	rs79002023	rs80021868	1
1000	826	cg15680288	4	0	0	rs79797726	rs60226080	1
1000	827	cg20443254	12	0	0			0
1000	828	cg19200589	21	0	0	rs73357389		1
1000	829	cg14359824	9	0	0			0
1000	830	cg22775138	10	0	0		rs12256986	1
1000	831	cg07639783	7	0	0			0
1000	832	cg24854181	5	0	0			0
1000	833	cg12614667	1	0	0			0
1000	834	cg21629500	5	0	0			0
1000	835	cg07106794	15	0	0			0
1000	836	cg20866694	6	0	0	rs858995		1
1000	837	cg01306183	11	0	0	rs72542455		1
1000	838	cg03239552	12	0	0			0
1000	839	cg11303839	7	0	0			0
1000	840	cg13488570	1	0	0		rs78623823	1
1000	841	cg01109574	2	0	0			0
1000	842	cg19283806	18	0	0			0
1000	843	cg11694519	11	0	0			0
1000	844	cg05391892	2	0	0			0
1000	845	cg18222083	17	0	0			0
1000	846	cg13504411	10	0	0			0
1000	847	cg10536999	7	0	0			0
1000	848	cg27258050	10	0	0			0
1000	849	cg08253651	12	0	0			0
1000	850	cg01301382	18	0	0			0
1000	851	cg06502570	20	0	0			0
1000	852	cg13934406	6	0	0	rs55704831		1
1000	853	cg12875241	X	1	0			0
1000	854	cg20806180	22	0	0			0
1000	855	cg00106345	7	0	0	rs76990950		1
1000	856	cg22222281	12	0	0			0
1000	857	cg01021196	14	0	0			0
1000	858	cg07371589	1	0	0			0
1000	859	cg21281009	18	0	0			0
1000	860	cg07986239	20	0	0			0
1000	861	cg07127888	8	0	0	rs34436103		1
1000	862	cg00794174	12	0	0			0
1000	863	cg24898738	10	0	0			0
1000	864	cg04701034	14	0	0			0
1000	865	cg06546806	2	0	0			0
1000	866	cg14416371	11	0	0			0
1000	867	cg17826530	1	0	0			0
1000	868	cg02281970	19	0	0			0
1000	869	cg12296772	8	0	0			0
1000	870	cg13832604	6	0	0			0
1000	871	cg08604097	7	0	0			0
1000	872	cg25267258	6	0	0			0
1000	873	cg06710672	16	0	0			0
1000	874	cg07486474	4	0	0			0
1000	875	cg25200152	1	0	0			0
1000	876	cg21131024	8	0	0	rs72671356		1
1000	877	cg02085507	19	0	0			0
1000	878	cg11685843	4	0	0			0
1000	879	cg24968629	22	0	0			0
1000	880	cg19256731	20	0	0			0
1000	881	cg16234557	10	0	0			0
1000	882	cg07324702	15	0	0			0
1000	883	cg11536474	2	0	0			0
1000	884	cg20137991	4	0	0			0
1000	885	cg08862890	5	0	0			0
1000	886	cg26173773	7	0	0			0
1000	887	cg10365886	6	0	0	rs41270458		1
1000	888	cg16135989	5	0	0	rs73337926		1
1000	889	cg04522310	16	0	0			0
1000	890	cg06051311	6	0	0			0
1000	891	cg16328106	2	0	0			0
1000	892	cg02734358	4	0	0			0
1000	893	cg15732840	2	0	0			0
1000	894	cg05404698	6	0	0			0
1000	895	cg12194594	13	0	0			0
1000	896	cg15996480	10	0	0			0
1000	897	cg05135828	X	1	0			0
1000	898	cg18229178	19	0	0			0
1000	899	cg16765600	18	0	0			0
1000	900	cg09285851	6	0	0			0
1000	901	cg12934258	6	0	0			0
1000	902	cg07592963	11	0	0			0
1000	903	cg24169669	14	0	0			0
1000	904	cg25078444	14	0	0			0
1000	905	cg09670128	12	0	0			0
1000	906	cg23161999	2	0	0			0
1000	907	cg05297854	22	0	0			0
1000	908	cg20618651	4	0	0			0
1000	909	cg03730533	7	0	0			0
1000	910	cg19156875	17	0	0			0
1000	911	cg25947619	15	0	0			0
1000	912	cg13305186	11	0	0			0
1000	913	cg00074145	15	0	0			0
1000	914	cg07665510	17	0	0			0
1000	915	cg24096120	17	0	0	rs10445220		1
1000	916	cg03630736	17	0	0			0
1000	917	cg04021697	1	0	0			0
1000	918	cg03140412	11	0	0			0
1000	919	cg08079908	2	0	0			0
1000	920	cg25282976	17	0	0			0
1000	921	cg15517113	2	0	0			0
1000	922	cg12707343	6	0	0			0
1000	923	cg19518104	8	0	0			0
1000	924	cg03899054	8	0	0			0
1000	925	cg21340500	8	0	0	rs72689717		1
1000	926	cg01163842	14	0	0			0
1000	927	cg23072161	1	0	0			0
1000	928	cg01940181	1	0	0			0
1000	929	cg00627029	17	0	0			0
1000	930	cg10781408	1	0	0			0
1000	931	cg03048083	17	0	0			0
1000	932	cg07802350	2	0	0			0
1000	933	cg02740007	6	0	0			0
1000	934	cg11254700	19	0	0			0
1000	935	cg24536782	8	0	0			0
1000	936	cg05639246	6	0	0			0
1000	937	cg11213574	22	0	0			0
1000	938	cg15258447	10	0	0			0
1000	939	cg19551589	20	0	0			0
1000	940	cg08883213	19	0	0			0
1000	941	cg15083233	9	0	0			0
1000	942	cg20871586	6	0	0			0
1000	943	cg27102141	10	0	0			0
1000	944	cg21189438	9	0	0			0
1000	945	cg17429772	7	0	0	rs58169200	rs10259735	1
1000	946	cg00892742	3	0	0			0
1000	947	cg10142520	11	0	0			0
1000	948	cg04633922	10	0	0			0
1000	949	cg10350880	7	0	0	rs2437103		1
1000	950	cg22798849	7	0	0	rs17500591		1
1000	951	cg07532353	16	0	0			0
1000	952	cg16987900	5	0	0	rs78362045		1
1000	953	cg19206146	6	0	0			0
1000	954	cg27109912	17	0	0			0
1000	955	cg11359133	2	0	0			0
1000	956	cg14671764	2	0	0			0
1000	957	cg04189187	10	0	0	rs79985936		1
1000	958	cg04213841	13	0	0			0
1000	959	cg16234978	7	0	0			0
1000	960	cg22498143	19	0	0			0
1000	961	cg08481075	6	0	0	rs13437061		1
1000	962	cg14544666	5	0	0			0
1000	963	cg04109898	6	0	0	rs9260833		1
1000	964	cg17987112	5	0	0			0
1000	965	cg08822897	11	0	0			0
1000	966	cg24118856	19	0	0			0
1000	967	cg11841704	17	0	0	rs11077914		1
1000	968	cg08052226	19	0	0	rs80186143		1
1000	969	cg20634967	13	0	0			0
1000	970	cg12744859	17	0	0			0
1000	971	cg15690342	5	0	0			0
1000	972	cg22511877	2	0	0	rs7565890		1
1000	973	cg02423105	20	0	0			0
1000	974	cg01999051	6	0	0			0
1000	975	cg00450617	2	0	0			0
1000	976	cg10017293	12	0	0			0
1000	977	cg10317717	7	0	0	rs6947955		1
1000	978	cg27485596	13	0	0			0
1000	979	cg26818625	8	0	0			0
1000	980	cg18792131	1	0	0			0
1000	981	cg05311410	7	0	0	rs17427875		1
1000	982	cg10220809	22	0	0	rs196064		1
1000	983	cg03643948	21	0	0			0
1000	984	cg11342198	7	0	0			0
1000	985	cg17920646	8	0	0			0
1000	986	cg15720832	1	0	0			0
1000	987	cg00225603	7	0	0		rs74328018	1
1000	988	cg14429919	6	0	0			0
1000	989	cg23064609	2	0	0			0
1000	990	cg06457633	10	0	0			0
1000	991	cg05911774	X	1	0			0
1000	992	cg17601191	13	0	0			0
1000	993	cg26388816	12	0	0			0
1000	994	cg10881128	1	0	0			0
1000	995	cg15031661	1	0	0			0
1000	996	cg03103218	11	0	0			0
1000	997	cg27169860	2	0	0			0
1000	998	cg13750264	10	0	0	rs62624493		1
1000	999	cg13337731	7	0	0			0
1000	1000	cg26401673	3	0	0			0
